url	gorod1	gorod2	rasstoyanie
https://city2city.ru/aeroport-kolczovo-ekaterinburg.html	аэропорт Екатеринбург (Кольцово) имени А.Н. Демидова	Екатеринбург	30
https://city2city.ru/aeroport-kolczovo-uralskij.html	аэропорт Екатеринбург (Кольцово) имени А.Н. Демидова	посёлок городского типа Уральский	40
https://city2city.ru/aeroport-kurumoch-tolyatti.html	аэропорт Самара (Курумоч) имени С.П. Королева	Тольятти	60
https://city2city.ru/aeroport-pulkovo-oktyabrskij.html	аэропорт Пулково	поселок городского типа Октябрьский	1850
https://city2city.ru/arxangelsk-onega.html	Архангельск	Онега	220
https://city2city.ru/barnaul-novosibirsk.html	Барнаул	Новосибирск	240
https://city2city.ru/belgorod-anapa.html	Белгород	Анапа	1150
https://city2city.ru/belgorod-staryj_oskol.html	Белгород	Старый Оскол	150
https://city2city.ru/bryansk-moskva.html	Брянск	Москва	400
https://city2city.ru/bryansk-otradnyj.html	Брянск	Отрадный	1550
https://city2city.ru/cheboksary-joshkar-ola.html	Чебоксары	Йошкар-Ола	100
https://city2city.ru/cheboksary-kazan.html	Чебоксары	Казань	160
https://city2city.ru/cheboksary-moskva.html	Чебоксары	Москва	740
https://city2city.ru/cheboksary-samara.html	Чебоксары	Самара	510
https://city2city.ru/chelyabinsk-oktyabrskij.html	Челябинск	поселок Октябрьский	600
https://city2city.ru/donetsk-astrahan.html	Донецк	Астрахань	1000
https://city2city.ru/donetsk-nizhniy-novgorod.html	Донецк	Нижний Новгород	1450
https://city2city.ru/donetsk-rostov-na-don.html	Донецк	Ростов-на-Дону	220
https://city2city.ru/donetsk-samara.html	Донецк	Самара	1450
https://city2city.ru/donetsk-tver.html	Донецк	Тверь	1450
https://city2city.ru/donetsk-voronezh.html	Донецк	Воронеж	740
https://city2city.ru/ekaterinburg-severnyj.html	Екатеринбург	посёлок городского типа Северный	120
https://city2city.ru/ekaterinburg-yuzhnyj.html	Екатеринбург	рабочий поселок Южный	380
https://city2city.ru/ivanovo-domodedovo.html	Иваново	Домодедово	350
https://city2city.ru/ivanovo-moskva.html	Иваново	Москва	340
https://city2city.ru/ivanovo-shuya.html	Иваново	Шуя	40
https://city2city.ru/izhevsk-chajkovskij.html	Ижевск	Чайковский	100
https://city2city.ru/izhevsk-molochnyj.html	Ижевск	поселок городского типа Молочный	2600
https://city2city.ru/joshkar-ola-cheboksary.html	Йошкар-Ола	Чебоксары	100
https://city2city.ru/kaluga-kirov.html	Калуга	Киров	1200
https://city2city.ru/kaluga-moskva.html	Калуга	Москва	210
https://city2city.ru/kaluga-tulskij.html	Калуга	посёлок Тульский	820
https://city2city.ru/kazan-belyj.html	Казань	Белый	1250
https://city2city.ru/kazan-czentralnyj.html	Казань	Центральный	550
https://city2city.ru/kazan-ivanovo.html	Казань	Иваново	770
https://city2city.ru/kazan-kirovskij.html	Казань	поселок городского типа Кировский	1270
https://city2city.ru/kazan-krasnyj.html	Казань	поселок городского типа Красный	1300
https://city2city.ru/kazan-oktyabrskij.html	Казань	поселок Октябрьский	400
https://city2city.ru/kazan-oktyabrskoe.html	Казань	посёлок городского типа Октябрьское	2400
https://city2city.ru/kazan-xolm.html	Казань	деревня Холм	980
https://city2city.ru/kirov-kirov-kaluzhskaya-oblast.html	Киров	Киров	1300
https://city2city.ru/kirov-kirovo-chepeczk.html	Киров	Кирово-Чепецк	60
https://city2city.ru/kirov-kirovskij.html	Киров	поселок городского типа Кировский	870
https://city2city.ru/kirov-volgograd.html	Киров	Волгоград	1500
https://city2city.ru/kirov-yalta.html	Киров	Ялта	2550
https://city2city.ru/kirov-zvyozdnyj.html	Киров	посёлок городского типа Звёздный	530
https://city2city.ru/krasnodar-adler.html	Краснодар	Адлер	350
https://city2city.ru/krasnodar-armavir.html	Краснодар	Армавир	330
https://city2city.ru/krasnodar-belyj.html	Краснодар	Белый	1800
https://city2city.ru/krasnodar-cherkessk.html	Краснодар	Черкесск	350
https://city2city.ru/krasnodar-dolzhanskaya.html	Краснодар	станица Должанская	300
https://city2city.ru/krasnodar-dzhankoj.html	Краснодар	Джанкой	450
https://city2city.ru/krasnodar-eisk.html	Краснодар	Ейск	260
https://city2city.ru/krasnodar-essentuki.html	Краснодар	Ессентуки	440
https://city2city.ru/krasnodar-evpatoriya.html	Краснодар	Евпатория	510
https://city2city.ru/krasnodar-feodosiya.html	Краснодар	Феодосия	330
https://city2city.ru/krasnodar-gelendgik.html	Аэропорт	Геленджик	200
https://city2city.ru/krasnodar-goryachij-klyuch.html	Краснодар	Горячий Ключ	60
https://city2city.ru/krasnodar-gulkevichi.html	Краснодар	Гулькевичи	170
https://city2city.ru/krasnodar-kanevskaya.html	Краснодар	станица Каневская	140
https://city2city.ru/krasnodar-komsomolskij.html	Краснодар	поселок городского типа Комсомольский	900
https://city2city.ru/krasnodar-krasnyj.html	Краснодар	поселок городского типа Красный	1650
https://city2city.ru/krasnodar-krylovskaya.html	Краснодар	станица Крыловская	180
https://city2city.ru/krasnodar-kurch.html	Краснодар	Керчь	250
https://city2city.ru/krasnodar-labinsk.html	Краснодар	Усть-Лабинск	80
https://city2city.ru/krasnodar-lesnoj.html	Краснодар	поселок Лесной	140
https://city2city.ru/krasnodar-majkop.html	Краснодар	Майкоп	140
https://city2city.ru/krasnodar-neya.html	Краснодар	Нея	1930
https://city2city.ru/krasnodar-oktyabrskoe.html	Краснодар	посёлок городского типа Октябрьское	450
https://city2city.ru/krasnodar-pyatigorsk.html	Краснодар	Пятигорск	430
https://city2city.ru/krasnodar-sennoj.html	Краснодар	поселок Сенной	180
https://city2city.ru/krasnodar-sevastopol.html	Краснодар	Севастополь	530
https://city2city.ru/krasnodar-simferopol.html	Краснодар	Симферополь	440
https://city2city.ru/krasnodar-sochi.html	Краснодар	Сочи	320
https://city2city.ru/krasnodar-stavropol.html	Краснодар	Ставрополь	300
https://city2city.ru/krasnodar-temryuk.html	Краснодар	Темрюк	150
https://city2city.ru/krasnodar-timashyovsk.html	Краснодар	Тимашевск	80
https://city2city.ru/krasnodar-tuapse.html	Краснодар	Туапсе	190
https://city2city.ru/krasnodar-uralskij.html	Краснодар	Уральский	200
https://city2city.ru/krasnodar-volgodonsk.html	Краснодар	Волгодонск	490
https://city2city.ru/krasnodar-yalta.html	Краснодар	Ялта	500
https://city2city.ru/kurgan-krasnyj.html	Курган	поселок городского типа Красный	70
https://city2city.ru/kurgan-matveev-kurgan.html	Курган	посёлок Матвеев Курган	2500
https://city2city.ru/kursk-moskva.html	Курск	Москва	530
https://city2city.ru/mariupol-simferopol.html	Мариуполь	Симферополь	450
https://city2city.ru/melitopol-simferopol.html	Мелитополь	Симферополь	250
https://city2city.ru/melitopol-tula.html	Мелитополь	Тула	1300
https://city2city.ru/moskva-aleksandrov.html	Москва	Александров	130
https://city2city.ru/moskva-astraxan.html	Москва	Астрахань	1450
https://city2city.ru/moskva-belgorod.html	Москва	Белгород	690
https://city2city.ru/moskva-belyj.html	Москва	Белый	400
https://city2city.ru/moskva-bogorodskoe.html	Москва	посёлок городского типа Богородское	870
https://city2city.ru/moskva-bryansk.html	Москва	Брянск	420
https://city2city.ru/moskva-cheboksary.html	Москва	Чебоксары	730
https://city2city.ru/moskva-czentralnyj.html	Москва	поселок городского типа Центральный	400
https://city2city.ru/moskva-dmitriev.html	Москва	Дмитриев	510
https://city2city.ru/moskva-dzerzhinsk.html	Москва	Дзержинск	440
https://city2city.ru/moskva-dzhankoj.html	Москва	Джанкой	1700
https://city2city.ru/moskva-gryazi.html	Москва	Грязи	520
https://city2city.ru/moskva-ivanovo.html	Москва	Иваново	320
https://city2city.ru/moskva-izhevsk.html	Москва	Ижевск	1200
https://city2city.ru/moskva-izmajlovo.html	Москва	поселок городского типа Измайлово	40
https://city2city.ru/moskva-kaluga.html	Москва	городской округ Калуга	220
https://city2city.ru/moskva-kashin.html	Москва	Кашин	270
https://city2city.ru/moskva-kirov.html	Москва	Киров	950
https://city2city.ru/moskva-kirzhach.html	Москва	Киржач	150
https://city2city.ru/moskva-komsomolskij.html	Москва	поселок городского типа Комсомольский	1600
https://city2city.ru/moskva-kostroma.html	Москва	Кострома	350
https://city2city.ru/moskva-kozelsk.html	Москва	Козельск	280
https://city2city.ru/moskva-krasnogvardejskoe.html	Москва	село Красногвардейское	1800
https://city2city.ru/moskva-krasnyj.html	Москва	Красный проспект	1030
https://city2city.ru/moskva-leningradskaya.html	Москва	станица Ленинградская	1240
https://city2city.ru/moskva-leninskoe.html	Москва	посёлок городского типа Ленинское	760
https://city2city.ru/moskva-luga.html	Москва	Луга	680
https://city2city.ru/moskva-magnitnyj.html	Москва	посёлок Магнитный	460
https://city2city.ru/moskva-melenki.html	Москва	Меленки	340
https://city2city.ru/moskva-michurinsk.html	Москва	Мичуринск	417
https://city2city.ru/moskva-nigniy_novgorod.html	Москва	Нижний Новгород	460
https://city2city.ru/moskva-oktyabrskij.html	Москва	посёлок совхоза Октябрьский	1180
https://city2city.ru/moskva-orel.html	Москва	Орёл	370
https://city2city.ru/moskva-orlov.html	Москва	Орлов	880
https://city2city.ru/moskva-otradnaya.html	Москва	станица Отрадная	1500
https://city2city.ru/moskva-otradnoe.html	Москва	Отрадное	700
https://city2city.ru/moskva-otradnyj.html	Москва	Отрадный	1100
https://city2city.ru/moskva-pavlovskaya.html	Москва	станица Павловская	1250
https://city2city.ru/moskva-pavlovskij.html	Москва	рабочий посёлок Павловский	1370
https://city2city.ru/moskva-pervomajskij.html	Москва	посёлок Первомайский	210
https://city2city.ru/moskva-petrozavodsk.html	Москва	Петрозаводск	1030
https://city2city.ru/moskva-rodniki.html	Москва	Родники	370
https://city2city.ru/moskva-rossosh.html	Москва	Россошь	750
https://city2city.ru/moskva-rostov-na-don.html	Москва	Ростов-на-Дону	1100
https://city2city.ru/moskva-saratov.html	Москва	Саратов	860
https://city2city.ru/moskva-sevastopol.html	Москва	Севастополь	1900
https://city2city.ru/moskva-simferopol.html	Москва	Симферополь	1800
https://city2city.ru/moskva-smolensk.html	Москва	Смоленск	402
https://city2city.ru/moskva-sochi.html	Москва	Сочи	1650
https://city2city.ru/moskva-troiczk.html	Москва	Троицк	50
https://city2city.ru/moskva-tulskij.html	Москва	посёлок Тульский	1450
https://city2city.ru/moskva-tyoploe.html	Москва	рабочий посёлок Тёплое	260
https://city2city.ru/moskva-ufa.html	Москва	Уфа	1350
https://city2city.ru/moskva-ulyanovsk.html	Москва	Ульяновск	850
https://city2city.ru/moskva-vodnyj.html	Москва	посёлок городского типа Водный	195
https://city2city.ru/moskva-volgograd.html	Москва	Волгоград	990
https://city2city.ru/moskva-volna.html	Москва	посёлок Волна	1600
https://city2city.ru/moskva-volzhskij.html	Москва	посёлок городского типа Волжский	1050
https://city2city.ru/moskva-vostochnyj.html	Москва	посёлок городского типа Восточный	30
https://city2city.ru/moskva-vyksa.html	Москва	Выкса	390
https://city2city.ru/moskva-vysokij.html	Москва	посёлок городского типа Высокий	3000
https://city2city.ru/murmansk-severomorsk.html	Мурманск	Североморск	30
https://city2city.ru/nizhnij-novgorod-bogorodsk.html	Нижний Новгород	Богородск	60
https://city2city.ru/nizhnij-novgorod-volna.html	Нижний Новгород	посёлок Волна	1750
https://city2city.ru/novosibirsk-gorno-altaysk.html	Новосибирск	Горно-Алтайск	450
https://city2city.ru/novosibirsk-novokuznetsk.html	Новосибирск	Новокузнецк	370
https://city2city.ru/novosibirsk-omsk.html	Новосибирск	Омск	650
https://city2city.ru/orenburg-belyj.html	Оренбург	Белый	1630
https://city2city.ru/oryol-kirov.html	Орёл	Киров	1350
https://city2city.ru/oryol-kirovskij.html	Орёл	поселок городского типа Кировский	1430
https://city2city.ru/oryol-komsomolskij.html	Орёл	рабочий посёлок Комсомольский	900
https://city2city.ru/oryol-orlov.html	Орёл	Орлов	1280
https://city2city.ru/oryol-rovnoe.html	Орёл	поселок городского типа Ровное	920
https://city2city.ru/penza-zarechnyj.html	Пенза	Заречный	20
https://city2city.ru/perm-gagarin.html	Пермь	Гагарин	1303
https://city2city.ru/pskov-novgorod.html	Псков	Великий Новгород	220
https://city2city.ru/pskov-strizhi.html	Псков	деревня Стрижи	800
https://city2city.ru/rostov-armavir.html	Ростов-на-Дону	Армавир	300
https://city2city.ru/rostov-belyj.html	Ростов-на-Дону	Белый	1480
https://city2city.ru/rostov-doneck.html	аэропорт Платов	Донецк	220
https://city2city.ru/rostov-kirov.html	Ростов-на-Дону	Киров	1800
https://city2city.ru/rostov-krasnyj.html	Ростов-на-Дону	поселок городского типа Красный	120
https://city2city.ru/rostov-kursk.html	Ростов-на-Дону	Курск	800
https://city2city.ru/rostov-lyubim.html	Ростов-на-Дону	Любим	1520
https://city2city.ru/rostov-svobodnyj.html	Ростов-на-Дону	поселок Свободный	1520
https://city2city.ru/ryazan-domodedovo.html	Рязань	Домодедово	870
https://city2city.ru/ryazan-moskva.html	Рязань	Москва	210
https://city2city.ru/ryazan-radishhevo.html	Рязань	посёлок городского типа Радищево	700
https://city2city.ru/ryazan-rybnoe.html	Рязань	Рыбное	30
https://city2city.ru/samara-aeroport-kurumoch.html	Самара	аэропорт Самара (Курумоч)	40
https://city2city.ru/samara-otradnaya.html	Самара	станица Отрадная	100
https://city2city.ru/samara-pervomajsk.html	Самара	Первомайск	2100
https://city2city.ru/sankt-peterburg-belyj.html	Санкт-Петербург	Белый	800
https://city2city.ru/sankt-peterburg-krasnogvardejskoe.html	Санкт-Петербург	село Красногвардейское	2100
https://city2city.ru/sankt-peterburg-krasnyj.html	Санкт-Петербург	поселок городского типа Красный	1830
https://city2city.ru/sankt-peterburg-leningradskaya.html	Санкт-Петербург	станица Ленинградская	1920
https://city2city.ru/sankt-peterburg-oktyabrskoe.html	Санкт-Петербург	посёлок городского типа Октябрьское	2500
https://city2city.ru/sankt-peterburg-orlov.html	Санкт-Петербург	Орлов	1500
https://city2city.ru/sankt-peterburg-pesochnoe.html	Санкт-Петербург	Песочное шоссе	80
https://city2city.ru/sankt-peterburg-podporozhe.html	Санкт-Петербург	Подпорожье	290
https://city2city.ru/sankt-peterburg-severnyj.html	Санкт-Петербург	посёлок городского типа Северный	140
https://city2city.ru/sankt-peterburg-strizhi.html	Санкт-Петербург	деревня Стрижи	1600
https://city2city.ru/sankt-peterburg-vodnyj.html	Санкт-Петербург	посёлок городского типа Водный	1800
https://city2city.ru/sankt-peterburg-zvyozdnyj.html	Санкт-Петербург	посёлок городского типа Звёздный	2200
https://city2city.ru/saratov-gagarin.html	Саратов	Гагарин	50
https://city2city.ru/saratov-moskva.html	Саратов	Москва	850
https://city2city.ru/saratov-uralskij.html	Саратов	посёлок городского типа Уральский	1400
https://city2city.ru/smolensk-orlov.html	Смоленск	Орлов	1280
https://city2city.ru/stavropol-otradnyj.html	Ставрополь	Отрадный	130
https://city2city.ru/tambov-moskva.html	Тамбов	Москва	460
https://city2city.ru/taxinovorossiya.html	аэропорт Платов	Донецк	210
https://city2city.ru/tula-leninskoe.html	Тула	посёлок городского типа Ленинское	950
https://city2city.ru/tula-orlov.html	Тула	Орлов	1100
https://city2city.ru/tula-tulskij.html	Тула	посёлок Тульский	1250
https://city2city.ru/tver-torzhok.html	Тверь	Торжок	70
https://city2city.ru/tver-tulskij.html	Тверь	посёлок Тульский	1650
https://city2city.ru/ufa-czentralnyj.html	Уфа	Центральный	1050
https://city2city.ru/ufa-krasnyj.html	Уфа	поселок городского типа Красный	1700
https://city2city.ru/ufa-oktyabrsk.html	Уфа	Октябрьск	580
https://city2city.ru/ufa-oktyabrskoe.html	Уфа	посёлок городского типа Октябрьское	300
https://city2city.ru/ufa-vidnoe.html	Уфа	садовое товарищество Видное	1350
https://city2city.ru/ulyanovsk-moskva.html	Ульяновск	Москва	840
https://city2city.ru/ulyanovsk-zavolzhe.html	Ульяновск	Заволжье	530
https://city2city.ru/volgograd-astraxan.html	Волгоград	Астрахань	430
https://city2city.ru/volgograd-czentralnyj.html	Волгоград	Центральный	1060
https://city2city.ru/volgograd-kirovskij.html	Волгоград	поселок городского типа Кировский	760
https://city2city.ru/volgograd-sovetskij.html	Волгоград	Советский	180
https://city2city.ru/volgograd-sovetskoe.html	Волгоград	посёлок городского типа Советское	80
https://city2city.ru/volgograd-vodnyj.html	Волгоград	посёлок городского типа Водный	40
https://city2city.ru/voronezh-belyj.html	Воронеж	Белый	900
https://city2city.ru/voronezh-orlov.html	Воронеж	Орлов	1400
https://city2city.ru/yaroslavl-ivanovo.html	Ярославль	Иваново	120
https://city2city.ru/yaroslavl-izhevsk.html	Ярославль	Ижевск	1150
