url;gorod1;gorod2;rasstoyanie
https://city2city.ru/aeroport-balandino-mezhozyornyj.html;аэропорт Челябинск (Баландино) имени И.В. Курчатова;посёлок городского типа Межозёрный;
https://city2city.ru/aeroport-kolczovo-bogdanovich.html;аэропорт Екатеринбург (Кольцово) имени А.Н. Демидова;Богданович;
https://city2city.ru/aeroport-kolczovo-reftinskij.html;аэропорт Екатеринбург (Кольцово) имени А.Н. Демидова;посёлок городского типа Рефтинский;
https://city2city.ru/aeroport-kolczovo-suxoj-log.html;аэропорт Екатеринбург (Кольцово) имени А.Н. Демидова;Сухой Лог;
https://city2city.ru/aeroport-kolczovo-verxnee-dubrovo.html;аэропорт Екатеринбург (Кольцово) имени А.Н. Демидова;посёлок городского типа Верхнее Дуброво;
https://city2city.ru/aeroport-kolczovo-zlatoust.html;аэропорт Екатеринбург (Кольцово) имени А.Н. Демидова;Златоуст;
https://city2city.ru/aeroport-kurumoch-almetevsk.html;аэропорт Самара (Курумоч) имени С.П. Королева;Альметьевск;
https://city2city.ru/aeroport-kurumoch-kirov.html;аэропорт Самара (Курумоч) имени С.П. Королева;Киров;
https://city2city.ru/aeroport-kurumoch-neftegorsk.html;аэропорт Самара (Курумоч) имени С.П. Королева;Нефтегорск;
https://city2city.ru/aeroport-kurumoch-umyot.html;аэропорт Самара (Курумоч) имени С.П. Королева;рабочий посёлок Умёт;
https://city2city.ru/aeroport-pashkovskij-kropotkin.html;аэропорт Краснодар (Пашковский) имени Екатерины II;Кропоткин;
https://city2city.ru/aeroport-pashkovskij-labinsk.html;аэропорт Краснодар (Пашковский) имени Екатерины II;Усть-Лабинск;
https://city2city.ru/aeroport-pashkovskij-severskaya.html;аэропорт Краснодар (Пашковский) имени Екатерины II;станица Северская;
https://city2city.ru/aeroport-pashkovskij-ust-labinsk.html;аэропорт Краснодар (Пашковский) имени Екатерины II;Усть-Лабинск;
https://city2city.ru/aeroport-roshhino-borovskij.html;аэропорт Тюмень (Рощино);посёлок городского типа Боровский;
https://city2city.ru/aeroport-roshhino-talicza.html;аэропорт Тюмень (Рощино);Талица;
https://city2city.ru/aeroport-roshhino-tavda.html;аэропорт Тюмень (Рощино);Тавда;
https://city2city.ru/arxangelsk-adler.html;Архангельск;Адлер;
https://city2city.ru/arxangelsk-evpatoriya.html;Архангельск;Евпатория;
https://city2city.ru/arxangelsk-kozelsk.html;Архангельск;Козельск;
https://city2city.ru/arxangelsk-pronsk.html;Архангельск;рабочий посёлок Пронск;
https://city2city.ru/arxangelsk-samara.html;Архангельск;Самара;
https://city2city.ru/arxangelsk-stavropol.html;Архангельск;Ставрополь;
https://city2city.ru/astraxan-afanasevo.html;Астрахань;посёлок городского типа Афанасьево;
https://city2city.ru/astraxan-babaevo.html;Астрахань;Бабаево;
https://city2city.ru/astraxan-georgievsk.html;Астрахань;Георгиевск;
https://city2city.ru/astraxan-komsomolskij.html;Астрахань;рабочий посёлок Комсомольский;
https://city2city.ru/astraxan-krasnoarmejsk.html;Астрахань;Красноармейск;
https://city2city.ru/astraxan-nizhnij-baskunchak.html;Астрахань;посёлок городского типа Нижний Баскунчак;
https://city2city.ru/astraxan-pavlovskij-posad.html;Астрахань;Павловский Посад;
https://city2city.ru/astraxan-primorskij.html;Астрахань;посёлок городского типа Приморский;
https://city2city.ru/astraxan-privolzhskij.html;Астрахань;рабочий посёлок Приволжский;
https://city2city.ru/astraxan-serpuxov.html;Астрахань;Серпухов;
https://city2city.ru/barnaul-kiselyovsk.html;Барнаул;Киселёвск;
https://city2city.ru/belgorod-cheboksary.html;Белгород;Чебоксары;
https://city2city.ru/belgorod-proletarskij.html;Белгород;посёлок городского типа Пролетарский;
https://city2city.ru/belgorod-shhyokino.html;Белгород;Щёкино;
https://city2city.ru/belgorod-sosnovka.html;Белгород;рабочий посёлок Сосновка;
https://city2city.ru/belgorod-yalta.html;Белгород;Ялта;
https://city2city.ru/blagoveshhensk-irkutsk.html;Благовещенск;Иркутск;
https://city2city.ru/blagoveshhensk-mishkino.html;Благовещенск;поселок городского типа Мишкино;
https://city2city.ru/blagoveshhensk-novosibirsk.html;Благовещенск;Новосибирск;
https://city2city.ru/bryansk-alatyr.html;Брянск;Алатырь;
https://city2city.ru/bryansk-aleksandrov.html;Брянск;Александров;
https://city2city.ru/bryansk-alushta.html;Брянск;Алушта;
https://city2city.ru/bryansk-app-bugaevka.html;Брянск;село Бугаёвка;
https://city2city.ru/bryansk-elnya.html;Брянск;Ельня;
https://city2city.ru/bryansk-gorbatov.html;Брянск;Горбатов;
https://city2city.ru/bryansk-kashin.html;Брянск;Кашин;
https://city2city.ru/bryansk-krasnogorsk.html;Брянск;Красногорск;
https://city2city.ru/bryansk-kujbyshevo.html;Брянск;село Куйбышево;
https://city2city.ru/bryansk-malaya-vishera.html;Брянск;Малая Вишера;
https://city2city.ru/bryansk-mirnyj.html;Брянск;Мирный;
https://city2city.ru/bryansk-orenburg.html;Брянск;Оренбург;
https://city2city.ru/bryansk-rtishhevo.html;Брянск;Ртищево;
https://city2city.ru/bryansk-tambov.html;Брянск;Тамбов;
https://city2city.ru/bryansk-tyumen.html;Брянск;Тюмень;
https://city2city.ru/cheboksary-abdulino.html;Чебоксары;Абдулино;
https://city2city.ru/cheboksary-chebarkul.html;Чебоксары;Чебаркуль;
https://city2city.ru/cheboksary-dyurtyuli.html;Чебоксары;село Дюртюли;
https://city2city.ru/cheboksary-dzerzhinsk.html;Чебоксары;Дзержинск;
https://city2city.ru/cheboksary-magnitnyj.html;Чебоксары;посёлок Магнитный;
https://city2city.ru/cheboksary-pavlovo.html;Чебоксары;Павлово;
https://city2city.ru/cheboksary-tambov.html;Чебоксары;Тамбов;
https://city2city.ru/cheboksary-velikij-novgorod.html;Чебоксары;Великий Новгород;
https://city2city.ru/chelyabinsk-borisovka.html;Челябинск;посёлок городского типа Борисовка;
https://city2city.ru/chelyabinsk-kamyshlov.html;Челябинск;Камышлов;
https://city2city.ru/chelyabinsk-kirov.html;Челябинск;Киров;
https://city2city.ru/chelyabinsk-magnitka.html;Челябинск;посёлок городского типа Магнитка;
https://city2city.ru/chelyabinsk-minyar.html;Челябинск;Миньяр;
https://city2city.ru/chelyabinsk-nevyansk.html;Челябинск;Невьянск;
https://city2city.ru/chelyabinsk-nikolaevka.html;Челябинск;деревня Николаевка;
https://city2city.ru/chelyabinsk-tula.html;Челябинск;Тула;
https://city2city.ru/chelyabinsk-ust-katav.html;Челябинск;Усть-Катав;
https://city2city.ru/chelyabinsk-verxnyaya-pyshma.html;Челябинск;Верхняя Пышма;
https://city2city.ru/chelyabinsk-vladimir.html;Челябинск;Владимир;
https://city2city.ru/donetsk-cheboksary.html;Донецк;Чебоксары;
https://city2city.ru/donetsk-kaluga.html;Донецк;Калуга;
https://city2city.ru/donetsk-smolensk.html;Донецк;Смоленск;
https://city2city.ru/donetsk-ulyanovsk.html;Донецк;Ульяновск;
https://city2city.ru/ekaterinburg-alatyr.html;Екатеринбург;Алатырь;
https://city2city.ru/ekaterinburg-blagoveshhensk.html;Екатеринбург;Благовещенск;
https://city2city.ru/ekaterinburg-joshkar-ola.html;Екатеринбург;Йошкар-Ола;
https://city2city.ru/ekaterinburg-kadnikov.html;Екатеринбург;город Кадников;
https://city2city.ru/ekaterinburg-katav-ivanovsk.html;Екатеринбург;Катав-Ивановск;
https://city2city.ru/ekaterinburg-kola.html;Екатеринбург;Кола;
https://city2city.ru/ekaterinburg-krasnyj.html;Екатеринбург;поселок городского типа Красный;
https://city2city.ru/ekaterinburg-kujbyshevo.html;Екатеринбург;село Куйбышево;
https://city2city.ru/ekaterinburg-kurtamysh.html;Екатеринбург;Куртамыш;
https://city2city.ru/ekaterinburg-liski.html;Екатеринбург;Лиски;
https://city2city.ru/ekaterinburg-novorossijsk.html;Екатеринбург;Новороссийск;
https://city2city.ru/ekaterinburg-orlov.html;Екатеринбург;Орлов;
https://city2city.ru/ekaterinburg-oryol.html;Екатеринбург;Орёл;
https://city2city.ru/ekaterinburg-polyarnyj.html;Екатеринбург;Полярный;
https://city2city.ru/ekaterinburg-saransk.html;Екатеринбург;Саранск;
https://city2city.ru/ekaterinburg-severskaya.html;Екатеринбург;станица Северская;
https://city2city.ru/ekaterinburg-sovetskoe.html;Екатеринбург;посёлок городского типа Советское;
https://city2city.ru/ekaterinburg-syktyvkar.html;Екатеринбург;Сыктывкар;
https://city2city.ru/ekaterinburg-tayozhnyj.html;Екатеринбург;посёлок городского типа Таёжный;
https://city2city.ru/ekaterinburg-trubchevsk.html;Екатеринбург;Трубчевск;
https://city2city.ru/ekaterinburg-vereshhagino.html;Екатеринбург;Верещагино;
https://city2city.ru/ekaterinburg-xanty-mansijsk.html;Екатеринбург;Ханты-Мансийск;
https://city2city.ru/elista-belgorod.html;Элиста;Белгород;
https://city2city.ru/elista-cheboksary.html;Элиста;Чебоксары;
https://city2city.ru/elista-inta.html;Элиста;Инта;
https://city2city.ru/elista-simferopol.html;Элиста;Симферополь;
https://city2city.ru/irkutsk-abakan.html;Иркутск;Абакан;
https://city2city.ru/irkutsk-aeroport-baykalsk.html;аэропорт Иркутск;Байкальск;
https://city2city.ru/irkutsk-aeroport-krasnoyarsk.html;аэропорт Иркутск;Красноярск;
https://city2city.ru/irkutsk-aeroport-kyzyl.html;аэропорт Иркутск;Кызыл;
https://city2city.ru/irkutsk-aeroport-slyudyanka.html;аэропорт Иркутск;Слюдянка;
https://city2city.ru/irkutsk-aeroport-tayga.html;аэропорт Иркутск;Тайга;
https://city2city.ru/irkutsk-chelyabinsk.html;Иркутск;Челябинск;
https://city2city.ru/irkutsk-kyzyl.html;Иркутск;Кызыл;
https://city2city.ru/irkutsk-novyj-urengoj.html;Иркутск;Новый Уренгой;
https://city2city.ru/irkutsk-suxoj-log.html;Иркутск;Сухой Лог;
https://city2city.ru/irkutsk-tajga.html;Иркутск;Тайга;
https://city2city.ru/irkutsk-xilok.html;Иркутск;Хилок;
https://city2city.ru/ivanovo-dmitrov.html;Иваново;Дмитров;
https://city2city.ru/ivanovo-donskoj.html;Иваново;Донской;
https://city2city.ru/ivanovo-dzerzhinsk.html;Иваново;Дзержинск;
https://city2city.ru/ivanovo-izhevsk.html;Иваново;Ижевск;
https://city2city.ru/ivanovo-kurgan.html;Иваново;Курган;
https://city2city.ru/ivanovo-pavlovskij.html;Иваново;рабочий посёлок Павловский;
https://city2city.ru/ivanovo-petushki.html;Иваново;Петушки;
https://city2city.ru/ivanovo-ruzaevka.html;Иваново;село Рузаевка;
https://city2city.ru/ivanovo-staraya-vichuga.html;Иваново;поселок городского типа Старая Вичуга;
https://city2city.ru/ivanovo-suvorov.html;Иваново;Суворов;
https://city2city.ru/ivanovo-talicza.html;Иваново;Талица;
https://city2city.ru/izhevsk-bryansk.html;Ижевск;Брянск;
https://city2city.ru/izhevsk-gubaxa.html;Ижевск;Губаха;
https://city2city.ru/izhevsk-krasnogorskij.html;Ижевск;посёлок городского типа Красногорский;
https://city2city.ru/izhevsk-murmansk.html;Ижевск;Мурманск;
https://city2city.ru/izhevsk-myshkin.html;Ижевск;Мышкин;
https://city2city.ru/izhevsk-oktyabrskij.html;Ижевск;поселок Октябрьский;
https://city2city.ru/izhevsk-rostov-na-donu.html;Ижевск;Ростов-на-Дону;
https://city2city.ru/izhevsk-voronezh.html;Ижевск;Воронеж;
https://city2city.ru/joshkar-ola-astraxan.html;Йошкар-Ола;Астрахань;
https://city2city.ru/joshkar-ola-bereznik.html;Йошкар-Ола;рабочий посёлок Березник;
https://city2city.ru/joshkar-ola-berezniki.html;Йошкар-Ола;Березники;
https://city2city.ru/joshkar-ola-chebarkul.html;Йошкар-Ола;Чебаркуль;
https://city2city.ru/joshkar-ola-ekaterinburg.html;Йошкар-Ола;Екатеринбург;
https://city2city.ru/joshkar-ola-kurgan.html;Йошкар-Ола;Курган;
https://city2city.ru/joshkar-ola-nizhnekamsk.html;Йошкар-Ола;Нижнекамск;
https://city2city.ru/joshkar-ola-novocheboksarsk.html;Йошкар-Ола;Новочебоксарск;
https://city2city.ru/joshkar-ola-oktyabrskoe.html;Йошкар-Ола;посёлок городского типа Октябрьское;
https://city2city.ru/joshkar-ola-perm.html;Йошкар-Ола;Пермь;
https://city2city.ru/joshkar-ola-saransk.html;Йошкар-Ола;Саранск;
https://city2city.ru/joshkar-ola-savino.html;Йошкар-Ола;деревня Савино;
https://city2city.ru/joshkar-ola-tolyatti.html;Йошкар-Ола;Тольятти;
https://city2city.ru/joshkar-ola-verxoshizheme.html;Йошкар-Ола;посёлок городского типа Верхошижемье;
https://city2city.ru/joshkar-ola-volgograd.html;Йошкар-Ола;Волгоград;
https://city2city.ru/joshkar-ola-vyatskie-polyany.html;Йошкар-Ола;Вятские Поляны;
https://city2city.ru/joshkar-ola-zelenodolsk.html;Йошкар-Ола;Зеленодольск;
https://city2city.ru/joshkar-ola-zheleznogorsk.html;Йошкар-Ола;Железногорск;
https://city2city.ru/kaluga-aleksandrov.html;Калуга;Александров;
https://city2city.ru/kaluga-bolxov.html;Калуга;Болхов;
https://city2city.ru/kaluga-desnogorsk.html;Калуга;Десногорск;
https://city2city.ru/kaluga-dmitrov.html;Калуга;Дмитров;
https://city2city.ru/kaluga-kirovsk.html;Калуга;Кировск;
https://city2city.ru/kaluga-krasnogorsk.html;Калуга;Красногорск;
https://city2city.ru/kaluga-malinovskij.html;Калуга;посёлок городского типа Малиновский;
https://city2city.ru/kaluga-rostov-na-donu.html;Калуга;Ростов-на-Дону;
https://city2city.ru/kaluga-solnechnyj.html;Калуга;посёлок Солнечный;
https://city2city.ru/kaluga-vladimir.html;Калуга;Владимир;
https://city2city.ru/kaluga-voskresenskoe.html;Калуга;рабочий посёлок Воскресенское;
https://city2city.ru/kaluga-xvojnaya.html;Калуга;деревня Хвойная;
https://city2city.ru/kaluga-zaokskij.html;Калуга;рабочий посёлок Заокский;
https://city2city.ru/kazan-balakovo.html;Казань;Балаково;
https://city2city.ru/kazan-gubkin.html;Казань;Губкин;
https://city2city.ru/kazan-kirovsk.html;Казань;Кировск;
https://city2city.ru/kazan-kurgan.html;Казань;Курган;
https://city2city.ru/kazan-otradnaya.html;Казань;станица Отрадная;
https://city2city.ru/kazan-svetlyj.html;Казань;поселок Светлый;
https://city2city.ru/kazan-tyumen.html;Казань;Тюмень;
https://city2city.ru/kazan-valujki.html;Казань;Валуйки;
https://city2city.ru/kazan-velikie-luki.html;Казань;Великие Луки;
https://city2city.ru/kazan-volzhskij.html;Казань;Волжский;
https://city2city.ru/kemerovo-bolotnoe.html;Кемерово;город Болотное;
https://city2city.ru/kirov-aleksandrov.html;Киров;Александров;
https://city2city.ru/kirov-astraxan.html;Киров;Астрахань;
https://city2city.ru/kirov-kirovsk.html;Киров;Кировск;
https://city2city.ru/kirov-kostroma.html;Киров;Кострома;
https://city2city.ru/kirov-kotelniki.html;Киров;Котельники;
https://city2city.ru/kirov-krasnoufimsk.html;Киров;Красноуфимск;
https://city2city.ru/kirov-kuloj.html;Киров;рабочий посёлок Кулой;
https://city2city.ru/kirov-kursk.html;Киров;Курск;
https://city2city.ru/kirov-kushhyovskaya.html;Киров;станица Кущёвская;
https://city2city.ru/kirov-medvedka.html;Киров;рабочий посёлок Медведка;
https://city2city.ru/kirov-oryol.html;Киров;Орёл;
https://city2city.ru/kirov-pavlovo.html;Киров;Павлово;
https://city2city.ru/kirov-severomorsk.html;Киров;Североморск;
https://city2city.ru/kirov-smolensk.html;Киров;Смоленск;
https://city2city.ru/kirov-sosnovka.html;Киров;Сосновка;
https://city2city.ru/kirov-stavropol.html;Киров;Ставрополь;
https://city2city.ru/kirov-tyoploe.html;Киров;рабочий посёлок Тёплое;
https://city2city.ru/kirov-vladimir.html;Киров;Владимир;
https://city2city.ru/kirov-yuzhnyj.html;Киров;рабочий поселок Южный;
https://city2city.ru/kostroma-bogorodsk.html;Кострома;Богородск;
https://city2city.ru/kostroma-kaduj.html;Кострома;рабочий посёлок Кадуй;
https://city2city.ru/kostroma-saransk.html;Кострома;Саранск;
https://city2city.ru/krasnodar-belaya-glina.html;Краснодар;село Белая Глина;
https://city2city.ru/krasnodar-gaspra.html;Краснодар;посёлок городского типа Гаспра;
https://city2city.ru/krasnodar-ipatovo.html;Краснодар;Ипатово;
https://city2city.ru/krasnodar-krasnaya-polyana.html;Краснодар;посёлок городского типа Красная Поляна;
https://city2city.ru/krasnodar-krasnogvardejskoe.html;Краснодар;село Красногвардейское;
https://city2city.ru/krasnodar-ordzhonikidze.html;Краснодар;посёлок городского типа Орджоникидзе;
https://city2city.ru/krasnodar-pavlovskaya.html;Краснодар;станица Павловская;
https://city2city.ru/krasnodar-pavlovskij-posad.html;Краснодар;Павловский Посад;
https://city2city.ru/krasnodar-perevoz.html;Краснодар;Перевоз;
https://city2city.ru/krasnodar-semikarakorsk.html;Краснодар;Семикаракорск;
https://city2city.ru/krasnodar-stanicza-egorlykskaya.html;Краснодар;станица Егорлыкская;
https://city2city.ru/krasnodar-staroshherbinovskaya.html;Краснодар;станица Старощербиновская;
https://city2city.ru/krasnodar-veselovka.html;Краснодар;посёлок Веселовка;
https://city2city.ru/krasnodar-zhukovskij.html;Краснодар;Жуковский;
https://city2city.ru/krasnoyarsk-aeroport-xabarovsk-novyj.html;Красноярск;аэропорт Хабаровск (Новый) имени Г.И. Невельского;
https://city2city.ru/krasnoyarsk-aldan.html;Красноярск;Алдан;
https://city2city.ru/krasnoyarsk-asino.html;Красноярск;город Асино;
https://city2city.ru/krasnoyarsk-belovo.html;Красноярск;Белово;
https://city2city.ru/krasnoyarsk-kirensk.html;Красноярск;Киренск;
https://city2city.ru/krasnoyarsk-kurtamysh.html;Красноярск;Куртамыш;
https://city2city.ru/krasnoyarsk-mezhdurechensk.html;Красноярск;Междуреченск;
https://city2city.ru/krasnoyarsk-mogocha.html;Красноярск;Могоча;
https://city2city.ru/krasnoyarsk-nizhnevartovsk.html;Красноярск;Нижневартовск;
https://city2city.ru/krasnoyarsk-partizansk.html;Красноярск;Партизанск;
https://city2city.ru/krasnoyarsk-rubczovsk.html;Красноярск;Рубцовск;
https://city2city.ru/krasnoyarsk-severobajkalsk.html;Красноярск;Северобайкальск;
https://city2city.ru/krasnoyarsk-shagonar.html;Красноярск;Шагонар;
https://city2city.ru/krasnoyarsk-topki.html;Красноярск;Топки;
https://city2city.ru/kurgan-artyomovskij.html;Курган;Артёмовский;
https://city2city.ru/kurgan-ivanovo.html;Курган;Иваново;
https://city2city.ru/kurgan-joshkar-ola.html;Курган;Йошкар-Ола;
https://city2city.ru/kurgan-meleuz.html;Курган;Мелеуз;
https://city2city.ru/kurgan-neftekamsk.html;Курган;Нефтекамск;
https://city2city.ru/kurgan-samara.html;Курган;Самара;
https://city2city.ru/kurgan-saratov.html;Курган;Саратов;
https://city2city.ru/kurgan-tolyatti.html;Курган;Тольятти;
https://city2city.ru/kurgan-ufa.html;Курган;Уфа;
https://city2city.ru/kurgan-vorotynecz.html;Курган;поселок городского типа Воротынец;
https://city2city.ru/kurgan-vostochnyj.html;Курган;посёлок городского типа Восточный;
https://city2city.ru/kurgan-yuzhnouralsk.html;Курган;Южноуральск;
https://city2city.ru/kursk-arxangelsk.html;Курск;Архангельск;
https://city2city.ru/kursk-biryuch.html;Курск;Бирюч;
https://city2city.ru/kursk-borisoglebsk.html;Курск;Борисоглебск;
https://city2city.ru/kursk-domodedovo.html;Курск;Домодедово;
https://city2city.ru/kursk-dubrovka.html;Курск;деревня Дубровка;
https://city2city.ru/kursk-izmajlovo.html;Курск;поселок городского типа Измайлово;
https://city2city.ru/kursk-joshkar-ola.html;Курск;Йошкар-Ола;
https://city2city.ru/kursk-kirov.html;Курск;Киров;
https://city2city.ru/kursk-konakovo.html;Курск;Конаково;
https://city2city.ru/kursk-krasnoturinsk.html;Курск;Краснотурьинск;
https://city2city.ru/kursk-kurganinsk.html;Курск;Курганинск;
https://city2city.ru/kursk-malysheva.html;Курск;рабочий поселок Малышева;
https://city2city.ru/kursk-novospasskoe.html;Курск;посёлок городского типа Новоспасское;
https://city2city.ru/kursk-olonecz.html;Курск;Олонец;
https://city2city.ru/kursk-solnechnogorsk.html;Курск;Солнечногорск;
https://city2city.ru/kursk-staraya-russa.html;Курск;Старая Русса;
https://city2city.ru/kursk-tulskij.html;Курск;посёлок Тульский;
https://city2city.ru/kursk-tyumen.html;Курск;Тюмень;
https://city2city.ru/kursk-velikij-ustyug.html;Курск;Великий Устюг;
https://city2city.ru/kyzyl-irkutsk.html;Кызыл;Иркутск;
https://city2city.ru/kyzyl-novokuznetsk.html;Кызыл;Новокузнецк;
https://city2city.ru/lipeczk-aleksandrov.html;Липецк;Александров;
https://city2city.ru/lipeczk-alekseevka.html;Липецк;село Алексеевка;
https://city2city.ru/lipeczk-cheboksary.html;Липецк;Чебоксары;
https://city2city.ru/lipeczk-chusovoj.html;Липецк;Чусовой;
https://city2city.ru/lipeczk-eleczkij.html;Липецк;посёлок городского типа Елецкий;
https://city2city.ru/lipeczk-kimry.html;Липецк;Кимры;
https://city2city.ru/lipeczk-kirov.html;Липецк;Киров;
https://city2city.ru/lipeczk-krasnyj.html;Липецк;поселок городского типа Красный;
https://city2city.ru/lipeczk-petrovskij.html;Липецк;поселок городского типа Петровский;
https://city2city.ru/lipeczk-petushki.html;Липецк;Петушки;
https://city2city.ru/lipeczk-shebekino.html;Липецк;Шебекино;
https://city2city.ru/lipeczk-svobodnyj.html;Липецк;посёлок городского типа Свободный;
https://city2city.ru/lipeczk-ulyanovsk.html;Липецк;Ульяновск;
https://city2city.ru/lipeczk-yasnyj.html;Липецк;Ясный;
https://city2city.ru/mariupol-lipetsk.html;Мариуполь;Липецк;
https://city2city.ru/mariupol-vologda.html;Мариуполь;Вологда;
https://city2city.ru/melitopol-kursk.html;Мелитополь;Курск;
https://city2city.ru/melitopol-stavropol.html;Мелитополь;Ставрополь;
https://city2city.ru/moskva-agoj.html;Москва;село Агой;
https://city2city.ru/moskva-belyj-gorodok.html;Москва;посёлок городского типа Белый Городок;
https://city2city.ru/moskva-borovskij.html;Москва;посёлок городского типа Боровский;
https://city2city.ru/moskva-buj.html;Москва;Буй;
https://city2city.ru/moskva-gorodecz.html;Москва;Городец;
https://city2city.ru/moskva-gorodishhi.html;Москва;посёлок городского типа Городищи;
https://city2city.ru/moskva-ilinka.html;Москва;село Ильинка;
https://city2city.ru/moskva-kadom.html;Москва;рабочий посёлок Кадом;
https://city2city.ru/moskva-kalach.html;Москва;Калач;
https://city2city.ru/moskva-kamenka.html;Москва;поселок городского типа Каменка;
https://city2city.ru/moskva-kameshkovo.html;Москва;Камешково;
https://city2city.ru/moskva-karabanovo.html;Москва;Карабаново;
https://city2city.ru/moskva-kondrovo.html;Москва;Кондрово;
https://city2city.ru/moskva-kuzhenkino.html;Москва;село Куженкино;
https://city2city.ru/moskva-labinsk.html;Москва;Усть-Лабинск;
https://city2city.ru/moskva-liski.html;Москва;Лиски;
https://city2city.ru/moskva-lux.html;Москва;посёлок городского типа Лух;
https://city2city.ru/moskva-lyuban.html;Москва;Любань;
https://city2city.ru/moskva-nikolskij.html;Москва;посёлок городского типа Никольский;
https://city2city.ru/moskva-palex.html;Москва;посёлок городского типа Палех;
https://city2city.ru/moskva-peno.html;Москва;посёлок городского типа Пено;
https://city2city.ru/moskva-proletarsk.html;Москва;Пролетарск;
https://city2city.ru/moskva-raduzhnyj.html;Москва;Радужный;
https://city2city.ru/moskva-sapozhok.html;Москва;рабочий посёлок Сапожок;
https://city2city.ru/moskva-sosenskij.html;Москва;Сосенский;
https://city2city.ru/moskva-suxinichi.html;Москва;Сухиничи;
https://city2city.ru/moskva-usman.html;Москва;Усмань;
https://city2city.ru/moskva-velizh.html;Москва;Велиж;
https://city2city.ru/moskva-yurev-polskij.html;Москва;Юрьев-Польский;
https://city2city.ru/moskva-zavolzhe.html;Москва;Заволжье;
https://city2city.ru/moskva-zheleznogorsk.html;Москва;Железногорск;
https://city2city.ru/moskva-zhizdra.html;Москва;Жиздра;
https://city2city.ru/murmansk-astrahan.html;Мурманск;Астрахань;
https://city2city.ru/murmansk-belgorod.html;Мурманск;Белгород;
https://city2city.ru/murmansk-berezniki.html;Мурманск;Березники;
https://city2city.ru/murmansk-nizhniy-novgorod.html;Мурманск;Нижний Новгород;
https://city2city.ru/murmansk-pavlovo.html;Мурманск;Павлово;
https://city2city.ru/murmansk-petrozavodsk.html;Мурманск;Петрозаводск;
https://city2city.ru/murmansk-rostov-na-donu.html;Мурманск;Ростов-на-Дону;
https://city2city.ru/murmansk-tula.html;Мурманск;Тула;
https://city2city.ru/nizhnij-novgorod-boksitogorsk.html;Нижний Новгород;Бокситогорск;
https://city2city.ru/nizhnij-novgorod-dubrovka.html;Нижний Новгород;деревня Дубровка;
https://city2city.ru/nizhnij-novgorod-elista.html;Нижний Новгород;Элиста;
https://city2city.ru/nizhnij-novgorod-gryazi.html;Нижний Новгород;Грязи;
https://city2city.ru/nizhnij-novgorod-michurinsk.html;Нижний Новгород;Мичуринск;
https://city2city.ru/nizhnij-novgorod-oktyabrskij.html;Нижний Новгород;поселок Октябрьский;
https://city2city.ru/nizhnij-novgorod-pestyaki.html;Нижний Новгород;посёлок городского типа Пестяки;
https://city2city.ru/nizhnij-novgorod-rylsk.html;Нижний Новгород;Рыльск;
https://city2city.ru/nizhnij-novgorod-sovetskoe.html;Нижний Новгород;посёлок городского типа Советское;
https://city2city.ru/nizhnij-novgorod-staryj-oskol.html;Нижний Новгород;Старый Оскол;
https://city2city.ru/nizhnij-novgorod-tyoploe.html;Нижний Новгород;рабочий посёлок Тёплое;
https://city2city.ru/nizhnij-novgorod-xarp.html;Нижний Новгород;посёлок городского типа Харп;
https://city2city.ru/novosibirsk-kansk.html;Новосибирск;Канск;
https://city2city.ru/novosibirsk-nazarovo.html;Новосибирск;Назарово;
https://city2city.ru/novosibirsk-strezhevoy.html;Новосибирск;Стрежевой;
https://city2city.ru/novosibirsk-zheleznogorsk.html;Новосибирск;Железногорск;
https://city2city.ru/orenburg-adler.html;Оренбург;Адлер;
https://city2city.ru/orenburg-aleksandrov.html;Оренбург;Александров;
https://city2city.ru/orenburg-anapa.html;Оренбург;Анапа;
https://city2city.ru/orenburg-ivanovo.html;Оренбург;Иваново;
https://city2city.ru/orenburg-kujbyshevo.html;Оренбург;село Куйбышево;
https://city2city.ru/orenburg-mixajlovka.html;Оренбург;Михайловка;
https://city2city.ru/orenburg-saransk.html;Оренбург;Саранск;
https://city2city.ru/orenburg-valujki.html;Оренбург;Валуйки;
https://city2city.ru/oryol-belye-berega.html;Орёл;посёлок Белые Берега;
https://city2city.ru/oryol-dorogobuzh.html;Орёл;Дорогобуж;
https://city2city.ru/oryol-ivanovo.html;Орёл;Иваново;
https://city2city.ru/oryol-klimovo.html;Орёл;посёлок Климово;
https://city2city.ru/oryol-kolomna.html;Орёл;Коломна;
https://city2city.ru/oryol-kovrov.html;Орёл;Ковров;
https://city2city.ru/oryol-loo.html;Орёл;посёлок Лоо;
https://city2city.ru/oryol-lugovoj.html;Орёл;посёлок городского типа Луговой;
https://city2city.ru/oryol-pikalyovo.html;Орёл;Пикалёво;
https://city2city.ru/oryol-pionerskij.html;Орёл;посёлок городского типа Пионерский;
https://city2city.ru/oryol-saratov.html;Орёл;Саратов;
https://city2city.ru/oryol-serpuxov.html;Орёл;Серпухов;
https://city2city.ru/oryol-severnyj.html;Орёл;посёлок городского типа Северный;
https://city2city.ru/oryol-staricza.html;Орёл;Старица;
https://city2city.ru/oryol-ufa.html;Орёл;Уфа;
https://city2city.ru/oryol-vostochnyj.html;Орёл;посёлок городского типа Восточный;
https://city2city.ru/oryol-zhukovka.html;Орёл;Жуковка;
https://city2city.ru/penza-balakovo.html;Пенза;Балаково;
https://city2city.ru/penza-bazarnyj-karabulak.html;Пенза;посёлок городского типа Базарный Карабулак;
https://city2city.ru/penza-bor.html;Пенза;Бор;
https://city2city.ru/penza-chebarkul.html;Пенза;Чебаркуль;
https://city2city.ru/penza-chexov.html;Пенза;Чехов;
https://city2city.ru/penza-chusovoj.html;Пенза;Чусовой;
https://city2city.ru/penza-dimitrovgrad.html;Пенза;Димитровград;
https://city2city.ru/penza-dmitrov.html;Пенза;Дмитров;
https://city2city.ru/penza-ershov.html;Пенза;Ершов;
https://city2city.ru/penza-essentuki.html;Пенза;Ессентуки;
https://city2city.ru/penza-glazov.html;Пенза;Глазов;
https://city2city.ru/penza-kadoshkino.html;Пенза;рабочий посёлок Кадошкино;
https://city2city.ru/penza-kalach.html;Пенза;Калач;
https://city2city.ru/penza-kamyshin.html;Пенза;Камышин;
https://city2city.ru/penza-kotelniki.html;Пенза;Котельники;
https://city2city.ru/penza-krasnoslobodsk.html;Пенза;Краснослободск;
https://city2city.ru/penza-livny.html;Пенза;Ливны;
https://city2city.ru/penza-lyuberczy.html;Пенза;Люберцы;
https://city2city.ru/penza-marks.html;Пенза;Маркс;
https://city2city.ru/penza-orlov.html;Пенза;Орлов;
https://city2city.ru/penza-oryol.html;Пенза;Орёл;
https://city2city.ru/penza-perevoz.html;Пенза;Перевоз;
https://city2city.ru/penza-petrozavodsk.html;Пенза;Петрозаводск;
https://city2city.ru/penza-petushki.html;Пенза;Петушки;
https://city2city.ru/penza-sharya.html;Пенза;Шарья;
https://city2city.ru/penza-shatki.html;Пенза;рабочий посёлок Шатки;
https://city2city.ru/penza-sterlitamak.html;Пенза;Стерлитамак;
https://city2city.ru/penza-usman.html;Пенза;Усмань;
https://city2city.ru/perm-astraxan.html;Пермь;Астрахань;
https://city2city.ru/perm-kursk.html;Пермь;Курск;
https://city2city.ru/perm-shumixa.html;Пермь;Шумиха;
https://city2city.ru/perm-smolensk.html;Пермь;Смоленск;
https://city2city.ru/perm-staroshherbinovskaya.html;Пермь;станица Старощербиновская;
https://city2city.ru/perm-turki.html;Пермь;посёлок городского типа Турки;
https://city2city.ru/perm-verxnyaya-tura.html;Пермь;Верхняя Тура;
https://city2city.ru/petrozavodsk-fatezh.html;Петрозаводск;Фатеж;
https://city2city.ru/petrozavodsk-novozybkov.html;Петрозаводск;Новозыбков;
https://city2city.ru/petrozavodsk-tula.html;Петрозаводск;Тула;
https://city2city.ru/petrozavodsk-voznesenskoe.html;Петрозаводск;деревня Вознесенское;
https://city2city.ru/petrozavodsk-vysokij.html;Петрозаводск;посёлок городского типа Высокий;
https://city2city.ru/pskov-kaluga.html;Псков;Калуга;
https://city2city.ru/pskov-otradnaya.html;Псков;станица Отрадная;
https://city2city.ru/pskov-perm.html;Псков;Пермь;
https://city2city.ru/pskov-roza.html;Псков;посёлок городского типа Роза;
https://city2city.ru/rostov-aleksandrov.html;Ростов-на-Дону;Александров;
https://city2city.ru/rostov-arxangelsk.html;Ростов-на-Дону;Архангельск;
https://city2city.ru/rostov-dzerzhinskij.html;Ростов-на-Дону;Дзержинский;
https://city2city.ru/rostov-irkutsk.html;Ростов-на-Дону;Иркутск;
https://city2city.ru/rostov-kalach-na-donu.html;Ростов-на-Дону;Калач-на-Дону;
https://city2city.ru/rostov-kamenolomni.html;Ростов-на-Дону;поселок городского типа Каменоломни;
https://city2city.ru/rostov-kurganinsk.html;Ростов-на-Дону;Курганинск;
https://city2city.ru/rostov-neftekumsk.html;Ростов-на-Дону;Нефтекумск;
https://city2city.ru/rostov-novoaleksandrovsk.html;Ростов-на-Дону;Новоалександровск;
https://city2city.ru/rostov-partenit.html;Ростов-на-Дону;посёлок городского типа Партенит;
https://city2city.ru/rostov-pavlovo.html;Ростов-на-Дону;Павлово;
https://city2city.ru/rostov-petrovskij.html;Ростов-на-Дону;поселок городского типа Петровский;
https://city2city.ru/rostov-primorskij.html;Ростов-на-Дону;посёлок городского типа Приморский;
https://city2city.ru/rostov-saki.html;Ростов-на-Дону;Саки;
https://city2city.ru/rostov-sim.html;Ростов-на-Дону;Сим;
https://city2city.ru/rostov-stepnoe.html;Ростов-на-Дону;село Степное;
https://city2city.ru/rostov-surovikino.html;Ростов-на-Дону;Суровикино;
https://city2city.ru/rostov-suvorov.html;Ростов-на-Дону;Суворов;
https://city2city.ru/rostov-volzhskij.html;Ростов-на-Дону;посёлок городского типа Волжский;
https://city2city.ru/ryazan-aleksandrov.html;Рязань;Александров;
https://city2city.ru/ryazan-belyj.html;Рязань;Белый;
https://city2city.ru/ryazan-konyshyovka.html;Рязань;посёлок городского типа Конышёвка;
https://city2city.ru/ryazan-lgov.html;Рязань;Льгов;
https://city2city.ru/ryazan-noginsk.html;Рязань;Ногинск;
https://city2city.ru/ryazan-obninsk.html;Рязань;Обнинск;
https://city2city.ru/ryazan-oktyabrskij.html;Рязань;поселок Октябрьский;
https://city2city.ru/ryazan-oktyabrskoe.html;Рязань;посёлок городского типа Октябрьское;
https://city2city.ru/ryazan-shhyokino.html;Рязань;Щёкино;
https://city2city.ru/ryazan-valujki.html;Рязань;Валуйки;
https://city2city.ru/ryazan-venyov.html;Рязань;город Венёв;
https://city2city.ru/ryazan-volna.html;Рязань;посёлок Волна;
https://city2city.ru/samara-bor.html;Самара;Бор;
https://city2city.ru/samara-dmitrov.html;Самара;Дмитров;
https://city2city.ru/samara-dzerzhinskij.html;Самара;Дзержинский;
https://city2city.ru/samara-kirovsk.html;Самара;Кировск;
https://city2city.ru/samara-kirovskij.html;Самара;поселок городского типа Кировский;
https://city2city.ru/samara-komsomolskij.html;Самара;рабочий посёлок Комсомольский;
https://city2city.ru/samara-nikolsk.html;Самара;село Никольск;
https://city2city.ru/samara-petrovsk.html;Самара;Петровск;
https://city2city.ru/samara-spassk.html;Самара;Спасск;
https://city2city.ru/samara-sursk.html;Самара;Сурск;
https://city2city.ru/samara-tetyushi.html;Самара;Тетюши;
https://city2city.ru/samara-tyumen.html;Самара;Тюмень;
https://city2city.ru/samara-uralskij.html;Самара;посёлок городского типа Уральский;
https://city2city.ru/samara-velikij-novgorod.html;Самара;Великий Новгород;
https://city2city.ru/samara-vladimir.html;Самара;Владимир;
https://city2city.ru/samara-yazykovo.html;Самара;поселок городского типа Языково;
https://city2city.ru/samara-zvyozdnyj.html;Самара;посёлок городского типа Звёздный;
https://city2city.ru/sankt-peterburg-cherepovecz.html;Санкт-Петербург;Череповец;
https://city2city.ru/sankt-peterburg-kirillov.html;Санкт-Петербург;Кириллов;
https://city2city.ru/sankt-peterburg-koryazhma.html;Санкт-Петербург;Коряжма;
https://city2city.ru/sankt-peterburg-loknya.html;Санкт-Петербург;рабочий посёлок Локня;
https://city2city.ru/sankt-peterburg-nekouzskoe.html;Санкт-Петербург;Некоузское сельское поселение;
https://city2city.ru/sankt-peterburg-parfino.html;Санкт-Петербург;посёлок городского типа Парфино;
https://city2city.ru/sankt-peterburg-pavlovo.html;Санкт-Петербург;Павлово;
https://city2city.ru/sankt-peterburg-pavlovskij.html;Санкт-Петербург;рабочий посёлок Павловский;
https://city2city.ru/sankt-peterburg-solczy.html;Санкт-Петербург;Сольцы;
https://city2city.ru/sankt-peterburg-stavropol.html;Санкт-Петербург;Ставрополь;
https://city2city.ru/saransk-anna.html;Саранск;посёлок городского типа Анна;
https://city2city.ru/saransk-dmitriev.html;Саранск;Дмитриев;
https://city2city.ru/saransk-dubna.html;Саранск;Дубна;
https://city2city.ru/saransk-mixajlovka.html;Саранск;Михайловка;
https://city2city.ru/saransk-tula.html;Саранск;Тула;
https://city2city.ru/saransk-vladimir.html;Саранск;Владимир;
https://city2city.ru/saratov-aleksandrov.html;Саратов;Александров;
https://city2city.ru/saratov-gelendzhik.html;Саратов;Геленджик;
https://city2city.ru/saratov-gremyachevo.html;Саратов;поселок городского типа Гремячево;
https://city2city.ru/saratov-inza.html;Саратов;Инза;
https://city2city.ru/saratov-ostrogozhsk.html;Саратов;Острогожск;
https://city2city.ru/saratov-otradnyj.html;Саратов;Отрадный;
https://city2city.ru/saratov-shatki.html;Саратов;рабочий посёлок Шатки;
https://city2city.ru/saratov-syktyvkar.html;Саратов;Сыктывкар;
https://city2city.ru/smolensk-aleksandrov.html;Смоленск;Александров;
https://city2city.ru/smolensk-krasnyj-oktyabr.html;Смоленск;посёлок городского типа Красный Октябрь;
https://city2city.ru/smolensk-kurgan.html;Смоленск;Курган;
https://city2city.ru/smolensk-nerexta.html;Смоленск;Нерехта;
https://city2city.ru/smolensk-shebekino.html;Смоленск;Шебекино;
https://city2city.ru/smolensk-stavropol.html;Смоленск;Ставрополь;
https://city2city.ru/smolensk-valujki.html;Смоленск;Валуйки;
https://city2city.ru/smolensk-vorkuta.html;Смоленск;Воркута;
https://city2city.ru/stavropol-dmitriev.html;Ставрополь;Дмитриев;
https://city2city.ru/stavropol-ivanovo.html;Ставрополь;Иваново;
https://city2city.ru/stavropol-kamensk-shaxtinskij.html;Ставрополь;Каменск-Шахтинский;
https://city2city.ru/stavropol-kovrov.html;Ставрополь;Ковров;
https://city2city.ru/stavropol-krylovskaya.html;Ставрополь;станица Крыловская;
https://city2city.ru/stavropol-mixajlovka.html;Ставрополь;Михайловка;
https://city2city.ru/stavropol-severnyj.html;Ставрополь;посёлок городского типа Северный;
https://city2city.ru/stavropol-smolensk.html;Ставрополь;Смоленск;
https://city2city.ru/stavropol-tambov.html;Ставрополь;Тамбов;
https://city2city.ru/stavropol-yalta.html;Ставрополь;Ялта;
https://city2city.ru/syktyvkar-anapa.html;Сыктывкар;Анапа;
https://city2city.ru/syktyvkar-arhangelsk.html;Сыктывкар;Архангельск;
https://city2city.ru/syktyvkar-bugulma.html;Сыктывкар;Бугульма;
https://city2city.ru/syktyvkar-cherepovec.html;Сыктывкар;Череповец;
https://city2city.ru/syktyvkar-danilovka.html;Сыктывкар;рабочий посёлок Даниловка;
https://city2city.ru/syktyvkar-dzhankoj.html;Сыктывкар;Джанкой;
https://city2city.ru/syktyvkar-lyubim.html;Сыктывкар;Любим;
https://city2city.ru/syktyvkar-makarev.html;Сыктывкар;Макарьев;
https://city2city.ru/syktyvkar-noginsk.html;Сыктывкар;Ногинск;
https://city2city.ru/syktyvkar-perm.html;Сыктывкар;Пермь;
https://city2city.ru/syktyvkar-pervomajskij.html;Сыктывкар;посёлок Первомайский;
https://city2city.ru/syktyvkar-rossosh.html;Сыктывкар;Россошь;
https://city2city.ru/syktyvkar-sevastopol.html;Сыктывкар;Севастополь;
https://city2city.ru/syktyvkar-troiczk.html;Сыктывкар;Троицк;
https://city2city.ru/syktyvkar-velsk.html;Сыктывкар;Вельск;
https://city2city.ru/syktyvkar-vuktyl.html;Сыктывкар;Вуктыл;
https://city2city.ru/syktyvkar-vysokij.html;Сыктывкар;посёлок городского типа Высокий;
https://city2city.ru/tambov-aleksandro-nevskij.html;Тамбов;рабочий посёлок Александро-Невский;
https://city2city.ru/tambov-aleksandrov.html;Тамбов;Александров;
https://city2city.ru/tambov-alekseevka.html;Тамбов;село Алексеевка;
https://city2city.ru/tambov-alekseevka-belgorodskaya-oblast.html;Тамбов;Алексеевка;
https://city2city.ru/tambov-chelyabinsk.html;Тамбов;Челябинск;
https://city2city.ru/tambov-elista.html;Тамбов;Элиста;
https://city2city.ru/tambov-krasnogorsk.html;Тамбов;Красногорск;
https://city2city.ru/tambov-novomichurinsk.html;Тамбов;Новомичуринск;
https://city2city.ru/tambov-syktyvkar.html;Тамбов;Сыктывкар;
https://city2city.ru/tambov-tejkovo.html;Тамбов;Тейково;
https://city2city.ru/tambov-turki.html;Тамбов;посёлок городского типа Турки;
https://city2city.ru/tambov-yaroslavl.html;Тамбов;Ярославль;
https://city2city.ru/tambov-zubova-polyana.html;Тамбов;посёлок городского типа Зубова Поляна;
https://city2city.ru/tokmak-astrahan.html;Токмак;Астрахань;
https://city2city.ru/tokmak-ulyanovsk.html;Токмак;Ульяновск;
https://city2city.ru/tomsk-leninsk-kuznetskiy.html;Томск;Ленинск-Кузнецкий;
https://city2city.ru/tula-balashixa.html;Тула;Балашиха;
https://city2city.ru/tula-klin.html;Тула;Клин;
https://city2city.ru/tula-pskov.html;Тула;Псков;
https://city2city.ru/tula-saki.html;Тула;Саки;
https://city2city.ru/tula-udomlya.html;Тула;Удомля;
https://city2city.ru/tula-ulyanovsk.html;Тула;Ульяновск;
https://city2city.ru/tula-vologda.html;Тула;Вологда;
https://city2city.ru/tver-belinskij.html;Тверь;Белинский;
https://city2city.ru/tver-dedovsk.html;Тверь;Дедовск;
https://city2city.ru/tver-krasnoznamensk.html;Тверь;Краснознаменск;
https://city2city.ru/tver-novomoskovsk.html;Тверь;Новомосковск;
https://city2city.ru/tver-sergach.html;Тверь;Сергач;
https://city2city.ru/tver-sergiev-posad.html;Тверь;Сергиев Посад;
https://city2city.ru/tver-stanicza-kurskaya.html;Тверь;станица Курская;
https://city2city.ru/tver-taldom.html;Тверь;Талдом;
https://city2city.ru/tver-tyumen.html;Тверь;Тюмень;
https://city2city.ru/tver-zavolzhskoe.html;Тверь;Заволжское сельское поселение;
https://city2city.ru/tyumen-asha.html;Тюмень;Аша;
https://city2city.ru/tyumen-blagoveshhensk.html;Тюмень;Благовещенск;
https://city2city.ru/tyumen-gubkinskij.html;Тюмень;Губкинский;
https://city2city.ru/tyumen-kirov.html;Тюмень;Киров;
https://city2city.ru/tyumen-krasnouralsk.html;Тюмень;Красноуральск;
https://city2city.ru/tyumen-oktyabrskoe.html;Тюмень;посёлок городского типа Октябрьское;
https://city2city.ru/tyumen-roza.html;Тюмень;посёлок городского типа Роза;
https://city2city.ru/tyumen-tula.html;Тюмень;Тула;
https://city2city.ru/tyumen-verxnyaya-salda.html;Тюмень;Верхняя Салда;
https://city2city.ru/ufa-belorechensk.html;Уфа;Белореченск;
https://city2city.ru/ufa-gagarin.html;Уфа;Гагарин;
https://city2city.ru/ufa-magnitnyj.html;Уфа;посёлок Магнитный;
https://city2city.ru/ufa-murmansk.html;Уфа;Мурманск;
https://city2city.ru/ufa-pavlovo.html;Уфа;Павлово;
https://city2city.ru/ufa-pavlovskij.html;Уфа;рабочий посёлок Павловский;
https://city2city.ru/ufa-plast.html;Уфа;Пласт;
https://city2city.ru/ufa-velikij-novgorod.html;Уфа;Великий Новгород;
https://city2city.ru/ufa-xolm.html;Уфа;деревня Холм;
https://city2city.ru/ulyanovsk-ardatov-mordoviya.html;Ульяновск;Ардатов;
https://city2city.ru/ulyanovsk-kaluga.html;Ульяновск;Калуга;
https://city2city.ru/ulyanovsk-kamenka.html;Ульяновск;Каменка;
https://city2city.ru/ulyanovsk-krymsk.html;Ульяновск;Крымск;
https://city2city.ru/ulyanovsk-kurgan.html;Ульяновск;Курган;
https://city2city.ru/ulyanovsk-mczensk.html;Ульяновск;Мценск;
https://city2city.ru/ulyanovsk-neftegorsk.html;Ульяновск;Нефтегорск;
https://city2city.ru/ulyanovsk-promyshlennyj.html;Ульяновск;посёлок городского типа Промышленный;
https://city2city.ru/ulyanovsk-simferopol.html;Ульяновск;Симферополь;
https://city2city.ru/ulyanovsk-sosnovka.html;Ульяновск;Сосновка;
https://city2city.ru/ulyanovsk-staraya-russa.html;Ульяновск;Старая Русса;
https://city2city.ru/ulyanovsk-tula.html;Ульяновск;Тула;
https://city2city.ru/ulyanovsk-uvarovo.html;Ульяновск;Уварово;
https://city2city.ru/urazovo-voronezh.html;рабочий посёлок Уразово;Воронеж;
https://city2city.ru/valuyki-oryol.html;Валуйки;Орёл;
https://city2city.ru/valuyki-ryazan.html;Валуйки;Рязань;
https://city2city.ru/valuyki-volgograd.html;Валуйки;Волгоград;
https://city2city.ru/velikiy-novgorod-belyy.html;Великий Новгород;Белый;
https://city2city.ru/velikiy-novgorod-dno.html;Великий Новгород;Дно;
https://city2city.ru/velikiy-novgorod-medyn.html;Великий Новгород;Медынь;
https://city2city.ru/velikiy-novgorod-oktyabrskoe.html;Великий Новгород;посёлок городского типа Октябрьское;
https://city2city.ru/vladimir-arxangelsk.html;Владимир;Архангельск;
https://city2city.ru/vladimir-dmitriev.html;Владимир;Дмитриев;
https://city2city.ru/vladimir-dubna.html;Владимир;Дубна;
https://city2city.ru/vladimir-ershov.html;Владимир;Ершов;
https://city2city.ru/vladimir-gorodishhe.html;Владимир;рабочий посёлок Городище;
https://city2city.ru/vladimir-gorodishhi.html;Владимир;посёлок городского типа Городищи;
https://city2city.ru/vladimir-kaluga.html;Владимир;Калуга;
https://city2city.ru/vladimir-kasimov.html;Владимир;Касимов;
https://city2city.ru/vladimir-leningradskaya.html;Владимир;станица Ленинградская;
https://city2city.ru/vladimir-leninsk.html;Владимир;Ленинск;
https://city2city.ru/vladimir-petrozavodsk.html;Владимир;Петрозаводск;
https://city2city.ru/vladimir-primorskij.html;Владимир;посёлок городского типа Приморский;
https://city2city.ru/vladimir-ramenskoe.html;Владимир;Раменское;
https://city2city.ru/vladimir-saransk.html;Владимир;Саранск;
https://city2city.ru/vladimir-saratov.html;Владимир;Саратов;
https://city2city.ru/vladimir-sevastopol.html;Владимир;Севастополь;
https://city2city.ru/vladimir-smolensk.html;Владимир;Смоленск;
https://city2city.ru/vladimir-suvorov.html;Владимир;Суворов;
https://city2city.ru/vladimir-usman.html;Владимир;Усмань;
https://city2city.ru/vladimir-zhukov.html;Владимир;Жуков;
https://city2city.ru/vladivostok-bodajbo.html;Владивосток;Бодайбо;
https://city2city.ru/vladivostok-irkutsk.html;Владивосток;Иркутск;
https://city2city.ru/vladivostok-severobajkalsk.html;Владивосток;Северобайкальск;
https://city2city.ru/vladivostok-vanino.html;Владивосток;посёлок городского типа Ванино;
https://city2city.ru/vladivostok-vyazemskij.html;Владивосток;Вяземский;
https://city2city.ru/vladivostok-yuzhnyj.html;Владивосток;рабочий поселок Южный;
https://city2city.ru/volgograd-aleksandrov.html;Волгоград;Александров;
https://city2city.ru/volgograd-alekseevskoe.html;Волгоград;посёлок городского типа Алексеевское;
https://city2city.ru/volgograd-balashixa.html;Волгоград;Балашиха;
https://city2city.ru/volgograd-budyonnovsk.html;Волгоград;Будённовск;
https://city2city.ru/volgograd-cheboksary.html;Волгоград;Чебоксары;
https://city2city.ru/volgograd-dzhubga.html;Волгоград;посёлок городского типа Джубга;
https://city2city.ru/volgograd-gornyj.html;Волгоград;село Горный Щит;
https://city2city.ru/volgograd-gubaxa.html;Волгоград;Губаха;
https://city2city.ru/volgograd-komsomolskij.html;Волгоград;рабочий посёлок Комсомольский;
https://city2city.ru/volgograd-kropotkin.html;Волгоград;Кропоткин;
https://city2city.ru/volgograd-krymsk.html;Волгоград;Крымск;
https://city2city.ru/volgograd-kuzneczk.html;Волгоград;Кузнецк;
https://city2city.ru/volgograd-marks.html;Волгоград;Маркс;
https://city2city.ru/volgograd-monchegorsk.html;Волгоград;Мончегорск;
https://city2city.ru/volgograd-murmansk.html;Волгоград;Мурманск;
https://city2city.ru/volgograd-nefteyugansk.html;Волгоград;Нефтеюганск;
https://city2city.ru/volgograd-noginsk.html;Волгоград;Ногинск;
https://city2city.ru/volgograd-oktyabrsk.html;Волгоград;Октябрьск;
https://city2city.ru/volgograd-ostrov.html;Волгоград;Остров;
https://city2city.ru/volgograd-perevoz.html;Волгоград;Перевоз;
https://city2city.ru/volgograd-pskov.html;Волгоград;Псков;
https://city2city.ru/volgograd-rasskazovo.html;Волгоград;Рассказово;
https://city2city.ru/volgograd-sasovo.html;Волгоград;Сасово;
https://city2city.ru/volgograd-semyonov.html;Волгоград;Семёнов;
https://city2city.ru/volgograd-shalya.html;Волгоград;посёлок городского типа Шаля;
https://city2city.ru/volgograd-smolensk.html;Волгоград;Смоленск;
https://city2city.ru/volgograd-surgut.html;Волгоград;Сургут;
https://city2city.ru/volgograd-tyumen.html;Волгоград;Тюмень;
https://city2city.ru/volgograd-verxnij-baskunchak.html;Волгоград;посёлок городского типа Верхний Баскунчак;
https://city2city.ru/volgograd-volzhsk.html;Волгоград;Волжск;
https://city2city.ru/volgograd-vysokij.html;Волгоград;посёлок городского типа Высокий;
https://city2city.ru/volgograd-zheleznogorsk.html;Волгоград;Железногорск;
https://city2city.ru/volgograd-zhigulyovsk.html;Волгоград;Жигулёвск;
https://city2city.ru/volgograd-zhukov.html;Волгоград;Жуков;
https://city2city.ru/vologda-bor.html;Вологда;Бор;
https://city2city.ru/vologda-mikun.html;Вологда;Микунь;
https://city2city.ru/vologda-rostov-na-donu.html;Вологда;Ростов-на-Дону;
https://city2city.ru/vologda-saratov.html;Вологда;Саратов;
https://city2city.ru/vologda-stavropol.html;Вологда;Ставрополь;
https://city2city.ru/vologda-tula.html;Вологда;Тула;
https://city2city.ru/vologda-ufa.html;Вологда;Уфа;
https://city2city.ru/vologda-uholovo.html;Вологда;рабочий посёлок Ухолово;
https://city2city.ru/voronezh-aleksandrov.html;Воронеж;Александров;
https://city2city.ru/voronezh-bogorodsk.html;Воронеж;Богородск;
https://city2city.ru/voronezh-cheremisinovo.html;Воронеж;посёлок городского типа Черемисиново;
https://city2city.ru/voronezh-chudovo.html;Воронеж;деревня Чудово;
https://city2city.ru/voronezh-dagomys.html;Воронеж;поселок Дагомыс;
https://city2city.ru/voronezh-duxovniczkoe.html;Воронеж;посёлок городского типа Духовницкое;
https://city2city.ru/voronezh-nizhnij-lomov.html;Воронеж;Нижний Ломов;
https://city2city.ru/voronezh-perm.html;Воронеж;Пермь;
https://city2city.ru/voronezh-pyatigorsk.html;Воронеж;Пятигорск;
https://city2city.ru/voronezh-soligalich.html;Воронеж;Солигалич;
https://city2city.ru/voronezh-strelicza.html;Воронеж;рабочий посёлок Стрелица;
https://city2city.ru/voronezh-uralskij.html;Воронеж;Уральский;
https://city2city.ru/xabarovsk-bolshoj-kamen.html;Хабаровск;Большой Камень;
https://city2city.ru/xabarovsk-ekaterinburg.html;Хабаровск;Екатеринбург;
https://city2city.ru/xabarovsk-priamurskij.html;Хабаровск;поселок городского типа Приамурский;
https://city2city.ru/xabarovsk-shimanovsk.html;Хабаровск;Шимановск;
https://city2city.ru/xabarovsk-zaozyornyj.html;Хабаровск;Заозёрный;
https://city2city.ru/xabarovsk-zima.html;Хабаровск;Зима;
https://city2city.ru/xanty-mansijsk-bajmak.html;Ханты-Мансийск;Баймак;
https://city2city.ru/xanty-mansijsk-igrim.html;Ханты-Мансийск;посёлок городского типа Игрим;
https://city2city.ru/xanty-mansijsk-kaluga.html;Ханты-Мансийск;Калуга;
https://city2city.ru/xanty-mansijsk-megion.html;Ханты-Мансийск;Мегион;
https://city2city.ru/xanty-mansijsk-moskva.html;Ханты-Мансийск;Москва;
https://city2city.ru/xanty-mansijsk-nadym.html;Ханты-Мансийск;Надым;
https://city2city.ru/xanty-mansijsk-orenburg.html;Ханты-Мансийск;Оренбург;
https://city2city.ru/xanty-mansijsk-perm.html;Ханты-Мансийск;Пермь;
https://city2city.ru/xanty-mansijsk-sibaj.html;Ханты-Мансийск;Сибай;
https://city2city.ru/xanty-mansijsk-yuzhnyj.html;Ханты-Мансийск;рабочий поселок Южный;
https://city2city.ru/yakutsk-bodajbo.html;Якутск;Бодайбо;
https://city2city.ru/yakutsk-komsomolsk-na-amure.html;Якутск;Комсомольск-на-Амуре;
https://city2city.ru/yakutsk-kyzyl.html;Якутск;Кызыл;
https://city2city.ru/yakutsk-naxodka.html;Якутск;Находка;
https://city2city.ru/yakutsk-nizhnevartovsk.html;Якутск;Нижневартовск;
https://city2city.ru/yakutsk-norilsk.html;Якутск;Норильск;
https://city2city.ru/yakutsk-novyj-urengoj.html;Якутск;Новый Уренгой;
https://city2city.ru/yakutsk-tyumen.html;Якутск;Тюмень;
https://city2city.ru/yakutsk-urengoj.html;Якутск;Новый Уренгой;
https://city2city.ru/yakutsk-ussurijsk.html;Якутск;Уссурийск;
https://city2city.ru/yakutsk-yuzhnyj.html;Якутск;рабочий поселок Южный;
https://city2city.ru/yaroslavl-bryansk.html;Ярославль;Брянск;
https://city2city.ru/yaroslavl-kaluga.html;Ярославль;Калуга;
https://city2city.ru/yaroslavl-komsomolsk.html;Ярославль;Комсомольск;
https://city2city.ru/yaroslavl-marks.html;Ярославль;Маркс;
https://city2city.ru/yaroslavl-oktyabrskij.html;Ярославль;поселок Октябрьский;
https://city2city.ru/yaroslavl-orlov.html;Ярославль;Орлов;
https://city2city.ru/yaroslavl-pavlovskij-posad.html;Ярославль;Павловский Посад;
https://city2city.ru/yaroslavl-penza.html;Ярославль;Пенза;
https://city2city.ru/yaroslavl-stavropol.html;Ярославль;Ставрополь;
https://city2city.ru/yaroslavl-vodnyj.html;Ярославль;посёлок городского типа Водный;
https://city2city.ru/yaroslavl-volgograd.html;Ярославль;Волгоград;
https://city2city.ru/yaroslavl-zavolzhskoe.html;Ярославль;Заволжское сельское поселение;
