url;title;phrase;total_count;top_1_phrase;top_1_count;top_2_phrase;top_2_count;top_3_phrase;top_3_count
taxi777-mezhgorod-moscow;Такси Москва Межгород;такси Москва Межгород;991;такси межгород из москвы;320;такси межгород из москвы недорого;89;такси межгород боровичи москва;63
moskva-abdulino;Такси Москва Абдулино;такси Москва Абдулино;0;;0;;0;;0
moskva-abinsk;Такси Москва Абинск;такси Москва Абинск;6;;0;;0;;0
moskva-achit;Такси Москва Ачит;такси Москва Ачит;0;;0;;0;;0
moskva-adler;Такси Москва Адлер;такси Москва Адлер;10;такси адлер москва;10;;0;;0
moskva-adygejsk;Такси Москва Адыгейск;такси Москва Адыгейск;0;;0;;0;;0
moskva-afanasevo;Такси Москва Афанасьево;такси Москва Афанасьево;0;;0;;0;;0
moskva-afipskij;Такси Москва Афипский;такси Москва Афипский;0;;0;;0;;0
moskva-agidel;Такси Москва Агидель;такси Москва Агидель;0;;0;;0;;0
moskva-agirish;Такси Москва Агириш;такси Москва Агириш;0;;0;;0;;0
moskva-agoj;Такси Москва Агой;такси Москва Агой;1;;0;;0;;0
moskva-agryz;Такси Москва Агрыз;такси Москва Агрыз;1;;0;;0;;0
moskva-aksubaevo;Такси Москва Аксубаево;такси Москва Аксубаево;0;;0;;0;;0
moskva-aktyubinskij;Такси Москва Актюбинский;такси Москва Актюбинский;1;;0;;0;;0
moskva-alapaevsk;Такси Москва Алапаевск;такси Москва Алапаевск;0;;0;;0;;0
moskva-alatyr;Такси Москва Алатырь;такси Москва Алатырь;11;;0;;0;;0
moskva-aleksandrov;Такси Москва Александров;такси Москва Александров;121;такси москва александров;121;такси александра москва;88;сколько стоит такси александров москва;18
moskva-aleksandrovsk;Такси Москва Александровск;такси Москва Александровск;0;;0;;0;;0
moskva-alekseevka;Такси Москва Алексеевка;такси Москва Алексеевка;5;;0;;0;;0
moskva-alekseevka-2;Такси Москва Алексеевка;такси Москва Алексеевка;5;;0;;0;;0
moskva-alekseevskoe;Такси Москва Алексеевское;такси Москва Алексеевское;4;;0;;0;;0
moskva-almetevsk;Такси Москва Альметьевск;такси Москва Альметьевск;3;;0;;0;;0
moskva-altuxovo;Такси Москва Алтухово;такси Москва Алтухово;0;;0;;0;;0
moskva-alupka;Такси Москва Алупка;такси Москва Алупка;0;;0;;0;;0
moskva-alushta;Такси Москва Алушта;такси Москва Алушта;6;;0;;0;;0
moskva-andra;Такси Москва Андра;такси Москва Андра;0;;0;;0;;0
moskva-andreapol;Такси Москва Андреаполь;такси Москва Андреаполь;0;;0;;0;;0
moskva-anna;Такси Москва Анна;такси Москва Анна;7;;0;;0;;0
moskva-apastovo;Такси Москва Апастово;такси Москва Апастово;0;;0;;0;;0
moskva-apatity;Такси Москва Апатиты;такси Москва Апатиты;0;;0;;0;;0
moskva-apsheronsk;Такси Москва Апшеронск;такси Москва Апшеронск;0;;0;;0;;0
moskva-aramil;Такси Москва Арамиль;такси Москва Арамиль;0;;0;;0;;0
moskva-arbazh;Такси Москва Арбаж;такси Москва Арбаж;0;;0;;0;;0
moskva-arefinskoe;Такси Москва Арефинское;такси Москва Арефинское;0;;0;;0;;0
moskva-arkadak;Такси Москва Аркадак;такси Москва Аркадак;2;;0;;0;;0
moskva-arkul;Такси Москва Аркуль;такси Москва Аркуль;0;;0;;0;;0
moskva-arsenevo;Такси Москва Арсеньево;такси Москва Арсеньево;0;;0;;0;;0
moskva-artemevskoe;Такси Москва Артемьевское;такси Москва Артемьевское;0;;0;;0;;0
moskva-arti;Такси Москва Арти;такси Москва Арти;0;;0;;0;;0
moskva-artyomovskij;Такси Москва Артёмовский;такси Москва Артёмовский;0;;0;;0;;0
moskva-arxangelsk;Такси Москва Архангельск;такси Москва Архангельск;20;такси архангельск москва;20;;0;;0
moskva-arya;Такси Москва Арья;такси Москва Арья;0;;0;;0;;0
moskva-arzamas;Такси Москва Арзамас;такси Москва Арзамас;17;такси арзамас москва;17;;0;;0
moskva-asbest;Такси Москва Асбест;такси Москва Асбест;1;;0;;0;;0
moskva-asha;Такси Москва Аша;такси Москва Аша;0;;0;;0;;0
moskva-ashe;Такси Москва Аше;такси Москва Аше;0;;0;;0;;0
moskva-astraxan;Такси Москва Астрахань;такси Москва Астрахань;60;такси астрахань москва;60;астрахань москва такси сколько;19;такси москва астрахань сколько стоит;10
moskva-atig;Такси Москва Атиг;такси Москва Атиг;0;;0;;0;;0
moskva-atkarsk;Такси Москва Аткарск;такси Москва Аткарск;1;;0;;0;;0
moskva-atyashevo;Такси Москва Атяшево;такси Москва Атяшево;0;;0;;0;;0
moskva-avbrau-dyurso;Такси Москва Авбрау-Дюрсо;такси Москва Авбрау-Дюрсо;0;;0;;0;;0
moskva-axtubinsk;Такси Москва Ахтубинск;такси Москва Ахтубинск;0;;0;;0;;0
moskva-axtyrskij;Такси Москва Ахтырский;такси Москва Ахтырский;0;;0;;0;;0
moskva-azish-tau;Такси Москва Азиш-Тау;такси Москва Азиш-Тау;0;;0;;0;;0
moskva-aznakaevo;Такси Москва Азнакаево;такси Москва Азнакаево;0;;0;;0;;0
moskva-babaevo;Такси Москва Бабаево;такси Москва Бабаево;0;;0;;0;;0
moskva-bakal;Такси Москва Бакал;такси Москва Бакал;0;;0;;0;;0
moskva-balabanovo;Такси Москва Балабаново;такси Москва Балабаново;14;такси москва балабаново;14;;0;;0
moskva-balabanovo-2;Такси Москва Балабаново;такси Москва Балабаново;14;такси москва балабаново;14;;0;;0
moskva-balakirevo;Такси Москва Балакирево;такси Москва Балакирево;0;;0;;0;;0
moskva-balaklava;Такси Москва Балаклава;такси Москва Балаклава;0;;0;;0;;0
moskva-balakovo;Такси Москва Балаково;такси Москва Балаково;6;;0;;0;;0
moskva-balashejka;Такси Москва Балашейка;такси Москва Балашейка;0;;0;;0;;0
moskva-balashov;Такси Москва Балашов;такси Москва Балашов;3;;0;;0;;0
moskva-balaxna;Такси Москва Балахна;такси Москва Балахна;1;;0;;0;;0
moskva-baltasi;Такси Москва Балтаси;такси Москва Балтаси;0;;0;;0;;0
moskva-barsovo;Такси Москва Барсово;такси Москва Барсово;0;;0;;0;;0
moskva-barysh;Такси Москва Барыш;такси Москва Барыш;1;;0;;0;;0
moskva-bashmakovo;Такси Москва Башмаково;такси Москва Башмаково;2;;0;;0;;0
moskva-bavly;Такси Москва Бавлы;такси Москва Бавлы;0;;0;;0;;0
moskva-baxchisaraj;Такси Москва Бахчисарай;такси Москва Бахчисарай;3;;0;;0;;0
moskva-bazarnyj-karabulak;Такси Москва Базарный Карабулак;такси Москва Базарный Карабулак;0;;0;;0;;0
moskva-bazarnyj-syzgan;Такси Москва Базарный Сызган;такси Москва Базарный Сызган;0;;0;;0;;0
moskva-bekovo;Такси Москва Беково;такси Москва Беково;0;;0;;0;;0
moskva-belaya-beryozka;Такси Москва Белая Берёзка;такси Москва Белая Берёзка;0;;0;;0;;0
moskva-belaya-glina;Такси Москва Белая Глина;такси Москва Белая Глина;0;;0;;0;;0
moskva-belaya-kalitva;Такси Москва Белая Калитва;такси Москва Белая Калитва;4;;0;;0;;0
moskva-belaya-xolunicza;Такси Москва Белая Холуница;такси Москва Белая Холуница;0;;0;;0;;0
moskva-belgorod;Такси Москва Белгород;такси Москва Белгород;303;такси москва белгород;303;такси белгород москва цена;55;такси белгород москва стоимость;42
moskva-belinskij;Такси Москва Белинский;такси Москва Белинский;0;;0;;0;;0
moskva-belomorsk;Такси Москва Беломорск;такси Москва Беломорск;0;;0;;0;;0
moskva-belorechensk;Такси Москва Белореченск;такси Москва Белореченск;3;;0;;0;;0
moskva-beloreczk;Такси Москва Белорецк;такси Москва Белорецк;0;;0;;0;;0
moskva-belousovo-2;Такси Москва Белоусово;такси Москва Белоусово;0;;0;;0;;0
moskva-beloyarskij;Такси Москва Белоярский;такси Москва Белоярский;0;;0;;0;;0
moskva-beloyarskij-2;Такси Москва Белоярский;такси Москва Белоярский;0;;0;;0;;0
moskva-belozersk;Такси Москва Белозерск;такси Москва Белозерск;0;;0;;0;;0
moskva-belushya-guba;Такси Москва Белушья Губа;такси Москва Белушья Губа;0;;0;;0;;0
moskva-belyj;Такси Москва Белый;такси Москва Белый;134;белое такси москва;134;такси белого цвета москва;20;;0
moskva-belyj-gorodok;Такси Москва Белый Городок;такси Москва Белый Городок;1;;0;;0;;0
moskva-belyj-yar;Такси Москва Белый Яр;такси Москва Белый Яр;0;;0;;0;;0
moskva-belyov;Такси Москва Белёв;такси Москва Белёв;1;;0;;0;;0
moskva-berdyaush;Такси Москва Бердяуш;такси Москва Бердяуш;0;;0;;0;;0
moskva-bereznik;Такси Москва Березник;такси Москва Березник;6;;0;;0;;0
moskva-berezniki;Такси Москва Березники;такси Москва Березники;6;;0;;0;;0
moskva-beryozovo;Такси Москва Берёзово;такси Москва Берёзово;2;;0;;0;;0
moskva-beryozovskij;Такси Москва Берёзовский;такси Москва Берёзовский;3;;0;;0;;0
moskva-betta;Такси Москва Бетта;такси Москва Бетта;0;;0;;0;;0
moskva-bezenchuk;Такси Москва Безенчук;такси Москва Безенчук;1;;0;;0;;0
moskva-bezhaniczy;Такси Москва Бежаницы;такси Москва Бежаницы;0;;0;;0;;0
moskva-bezheczk;Такси Москва Бежецк;такси Москва Бежецк;6;;0;;0;;0
moskva-birsk;Такси Москва Бирск;такси Москва Бирск;0;;0;;0;;0
moskva-biryuch;Такси Москва Бирюч;такси Москва Бирюч;0;;0;;0;;0
moskva-biser;Такси Москва Бисер;такси Москва Бисер;0;;0;;0;;0
moskva-bisert;Такси Москва Бисерть;такси Москва Бисерть;0;;0;;0;;0
moskva-blagoevo;Такси Москва Благоево;такси Москва Благоево;0;;0;;0;;0
moskva-blagoveshhensk;Такси Москва Благовещенск;такси Москва Благовещенск;28;;0;;0;;0
moskva-blizhne-pesochnoe;Такси Москва Ближне-Песочное;такси Москва Ближне-Песочное;0;;0;;0;;0
moskva-bogandinskij;Такси Москва Богандинский;такси Москва Богандинский;0;;0;;0;;0
moskva-bogatye-saby;Такси Москва Богатые Сабы;такси Москва Богатые Сабы;0;;0;;0;;0
moskva-bogdanovich;Такси Москва Богданович;такси Москва Богданович;0;;0;;0;;0
moskva-bogorodiczk;Такси Москва Богородицк;такси Москва Богородицк;10;;0;;0;;0
moskva-bogorodsk;Такси Москва Богородск;такси Москва Богородск;7;;0;;0;;0
moskva-bogorodskoe;Такси Москва Богородское;такси Москва Богородское;18;;0;;0;;0
moskva-bokovskaya;Такси Москва Боковская;такси Москва Боковская;2;;0;;0;;0
moskva-boksitogorsk;Такси Москва Бокситогорск;такси Москва Бокситогорск;0;;0;;0;;0
moskva-bolgar;Такси Москва Болгар;такси Москва Болгар;0;;0;;0;;0
moskva-bologoe;Такси Москва Бологое;такси Москва Бологое;6;;0;;0;;0
moskva-boloxovo;Такси Москва Болохово;такси Москва Болохово;5;;0;;0;;0
moskva-bolshaya-izhora;Такси Москва Большая Ижора;такси Москва Большая Ижора;0;;0;;0;;0
moskva-bolshaya-martynovka;Такси Москва Большая Мартыновка;такси Москва Большая Мартыновка;0;;0;;0;;0
moskva-bolsheselskoe;Такси Москва Большесельское;такси Москва Большесельское;0;;0;;0;;0
moskva-bolshoe-kozino;Такси Москва Большое Козино;такси Москва Большое Козино;0;;0;;0;;0
moskva-bolshoe-murashkino;Такси Москва Большое Мурашкино;такси Москва Большое Мурашкино;0;;0;;0;;0
moskva-bolshoe-polpino;Такси Москва Большое Полпино;такси Москва Большое Полпино;0;;0;;0;;0
moskva-bolshoj-utrish;Такси Москва Большой Утриш;такси Москва Большой Утриш;0;;0;;0;;0
moskva-bolxov;Такси Москва Болхов;такси Москва Болхов;1;;0;;0;;0
moskva-bor;Такси Москва Бор;такси Москва Бор;12;;0;;0;;0
moskva-borisovka;Такси Москва Борисовка;такси Москва Борисовка;1;;0;;0;;0
moskva-borovichi-2;Такси Москва Боровичи;такси Москва Боровичи;151;такси боровичи москва;151;такси межгород боровичи москва;63;маршрутное такси боровичи москва;33
moskva-borovoj;Такси Москва Боровой;такси Москва Боровой;1;;0;;0;;0
moskva-borovsk;Такси Москва Боровск;такси Москва Боровск;16;такси москва боровск;16;;0;;0
moskva-borovsk-2;Такси Москва Боровск;такси Москва Боровск;16;такси москва боровск;16;;0;;0
moskva-borovskij;Такси Москва Боровский;такси Москва Боровский;6;;0;;0;;0
moskva-brejtovskoe;Такси Москва Брейтовское;такси Москва Брейтовское;0;;0;;0;;0
moskva-bryansk;Такси Москва Брянск;такси Москва Брянск;130;такси брянск москва цена;29;такси до москвы с брянск;24;сколько стоит такси от брянска до москвы;12
moskva-bryuxoveczkaya;Такси Москва Брюховецкая;такси Москва Брюховецкая;0;;0;;0;;0
moskva-budogoshh;Такси Москва Будогощь;такси Москва Будогощь;1;;0;;0;;0
moskva-budyonnovsk;Такси Москва Будённовск;такси Москва Будённовск;4;;0;;0;;0
moskva-bugulma;Такси Москва Бугульма;такси Москва Бугульма;0;;0;;0;;0
moskva-buguruslan;Такси Москва Бугуруслан;такси Москва Бугуруслан;6;;0;;0;;0
moskva-buinsk;Такси Москва Буинск;такси Москва Буинск;0;;0;;0;;0
moskva-buj;Такси Москва Буй;такси Москва Буй;4;;0;;0;;0
moskva-burmakino;Такси Москва Бурмакино;такси Москва Бурмакино;0;;0;;0;;0
moskva-buturlino;Такси Москва Бутурлино;такси Москва Бутурлино;0;;0;;0;;0
moskva-buturlinovka;Такси Москва Бутурлиновка;такси Москва Бутурлиновка;5;;0;;0;;0
moskva-bykovo;Такси Москва Быково;такси Москва Быково;3;;0;;0;;0
moskva-bytosh;Такси Москва Бытошь;такси Москва Бытошь;0;;0;;0;;0
moskva-bzhid;Такси Москва Бжид;такси Москва Бжид;0;;0;;0;;0
moskva-chaadaevka;Такси Москва Чаадаевка;такси Москва Чаадаевка;0;;0;;0;;0
moskva-chajkovskij;Такси Москва Чайковский;такси Москва Чайковский;1;;0;;0;;0
moskva-chamzinka;Такси Москва Чамзинка;такси Москва Чамзинка;2;;0;;0;;0
moskva-chapaevsk;Такси Москва Чапаевск;такси Москва Чапаевск;3;;0;;0;;0
moskva-chaplygin;Такси Москва Чаплыгин;такси Москва Чаплыгин;5;;0;;0;;0
moskva-chebakovskoe;Такси Москва Чебаковское;такси Москва Чебаковское;0;;0;;0;;0
moskva-chebarkul;Такси Москва Чебаркуль;такси Москва Чебаркуль;2;;0;;0;;0
moskva-cheboksary;Такси Москва Чебоксары;такси Москва Чебоксары;55;такси чебоксары москва;55;москва чебоксары такси цена;9;сколько стоит такси чебоксары москва;7
moskva-chekalin;Такси Москва Чекалин;такси Москва Чекалин;0;;0;;0;;0
moskva-chemitokvadzhe;Такси Москва Чемитоквадже;такси Москва Чемитоквадже;0;;0;;0;;0
moskva-cherdakly;Такси Москва Чердаклы;такси Москва Чердаклы;0;;0;;0;;0
moskva-cherdyn;Такси Москва Чердынь;такси Москва Чердынь;0;;0;;0;;0
moskva-cheremisinovo;Такси Москва Черемисиново;такси Москва Черемисиново;0;;0;;0;;0
moskva-cherepovecz;Такси Москва Череповец;такси Москва Череповец;39;такси москва череповец;39;;0;;0
moskva-chern;Такси Москва Чернь;такси Москва Чернь;4;;0;;0;;0
moskva-chernomorskoe;Такси Москва Черноморское;такси Москва Черноморское;0;;0;;0;;0
moskva-chernushka;Такси Москва Чернушка;такси Москва Чернушка;0;;0;;0;;0
moskva-chernyanka;Такси Москва Чернянка;такси Москва Чернянка;1;;0;;0;;0
moskva-chernyshkovskij;Такси Москва Чернышковский;такси Москва Чернышковский;0;;0;;0;;0
moskva-chertkovo;Такси Москва Чертково;такси Москва Чертково;6;;0;;0;;0
moskva-chishmy;Такси Москва Чишмы;такси Москва Чишмы;0;;0;;0;;0
moskva-chistopol;Такси Москва Чистополь;такси Москва Чистополь;0;;0;;0;;0
moskva-chistye-bory;Такси Москва Чистые Боры;такси Москва Чистые Боры;0;;0;;0;;0
moskva-chkalovsk;Такси Москва Чкаловск;такси Москва Чкаловск;1;;0;;0;;0
moskva-chuchkovo;Такси Москва Чучково;такси Москва Чучково;0;;0;;0;;0
moskva-chudovo;Такси Москва Чудово;такси Москва Чудово;1;;0;;0;;0
moskva-chufarovo;Такси Москва Чуфарово;такси Москва Чуфарово;0;;0;;0;;0
moskva-chupa;Такси Москва Чупа;такси Москва Чупа;0;;0;;0;;0
moskva-chusovoj;Такси Москва Чусовой;такси Москва Чусовой;1;;0;;0;;0
moskva-chuxloma;Такси Москва Чухлома;такси Москва Чухлома;0;;0;;0;;0
moskva-chyormoz;Такси Москва Чёрмоз;такси Москва Чёрмоз;0;;0;;0;;0
moskva-czelina;Такси Москва Целина;такси Москва Целина;0;;0;;0;;0
moskva-czemzavod;Такси Москва Цемзавод;такси Москва Цемзавод;0;;0;;0;;0
moskva-czentralnyj;Такси Москва Центральный;такси Москва Центральный;126;центральное такси москва;126;центральный автовокзал москва такси;42;адрес яндекс такси в москве центральный;40
moskva-czentralnyj-2;Такси Москва Центральный;такси Москва Центральный;126;центральное такси москва;126;центральный автовокзал москва такси;42;адрес яндекс такси в москве центральный;40
moskva-czilna;Такси Москва Цильна;такси Москва Цильна;0;;0;;0;;0
moskva-czimlyansk;Такси Москва Цимлянск;такси Москва Цимлянск;0;;0;;0;;0
moskva-czivilsk;Такси Москва Цивильск;такси Москва Цивильск;1;;0;;0;;0
moskva-dagomys;Такси Москва Дагомыс;такси Москва Дагомыс;0;;0;;0;;0
moskva-dalnee-konstantinovo;Такси Москва Дальнее Константиново;такси Москва Дальнее Константиново;0;;0;;0;;0
moskva-danilovka;Такси Москва Даниловка;такси Москва Даниловка;0;;0;;0;;0
moskva-dankov;Такси Москва Данков;такси Москва Данков;20;на такси москва данков липецкая область;8;;0;;0
moskva-darovskoj;Такси Москва Даровской;такси Москва Даровской;0;;0;;0;;0
moskva-davlekanovo;Такси Москва Давлеканово;такси Москва Давлеканово;0;;0;;0;;0
moskva-davydovka;Такси Москва Давыдовка;такси Москва Давыдовка;1;;0;;0;;0
moskva-daxovskaya;Такси Москва Даховская;такси Москва Даховская;0;;0;;0;;0
moskva-dederkoj;Такси Москва Дедеркой;такси Москва Дедеркой;0;;0;;0;;0
moskva-dedovichi;Такси Москва Дедовичи;такси Москва Дедовичи;1;;0;;0;;0
moskva-degtyarsk;Такси Москва Дегтярск;такси Москва Дегтярск;0;;0;;0;;0
moskva-demidov;Такси Москва Демидов;такси Москва Демидов;3;;0;;0;;0
moskva-demyanovo;Такси Москва Демьяново;такси Москва Демьяново;0;;0;;0;;0
moskva-dergachi;Такси Москва Дергачи;такси Москва Дергачи;0;;0;;0;;0
moskva-desnogorsk;Такси Москва Десногорск;такси Москва Десногорск;1;;0;;0;;0
moskva-dimitrovgrad;Такси Москва Димитровград;такси Москва Димитровград;4;;0;;0;;0
moskva-dinskaya;Такси Москва Динская;такси Москва Динская;0;;0;;0;;0
moskva-divnomorskoe;Такси Москва Дивноморское;такси Москва Дивноморское;5;;0;;0;;0
moskva-dmitriev;Такси Москва Дмитриев;такси Москва Дмитриев;54;такси дмитриев москва;54;;0;;0
moskva-dmitrievka;Такси Москва Дмитриевка;такси Москва Дмитриевка;2;;0;;0;;0
moskva-dmitrovsk;Такси Москва Дмитровск;такси Москва Дмитровск;2;;0;;0;;0
moskva-dno;Такси Москва Дно;такси Москва Дно;0;;0;;0;;0
moskva-dobryanka;Такси Москва Добрянка;такси Москва Добрянка;0;;0;;0;;0
moskva-dolgoe;Такси Москва Долгое;такси Москва Долгое;11;;0;;0;;0
moskva-donskoj;Такси Москва Донской;такси Москва Донской;36;такси москва донской;36;такси москва троицк тульская обл донской;6;;0
moskva-dorogobuzh;Такси Москва Дорогобуж;такси Москва Дорогобуж;0;;0;;0;;0
moskva-doschatoe;Такси Москва Досчатое;такси Москва Досчатое;0;;0;;0;;0
moskva-druzhinino;Такси Москва Дружинино;такси Москва Дружинино;0;;0;;0;;0
moskva-druzhnaya-gorka;Такси Москва Дружная Горка;такси Москва Дружная Горка;0;;0;;0;;0
moskva-dubovka;Такси Москва Дубовка;такси Москва Дубовка;0;;0;;0;;0
moskva-dubrovka;Такси Москва Дубровка;такси Москва Дубровка;7;;0;;0;;0
moskva-dubrovka-2;Такси Москва Дубровка;такси Москва Дубровка;7;;0;;0;;0
moskva-duminichi;Такси Москва Думиничи;такси Москва Думиничи;2;;0;;0;;0
moskva-duminichi-2;Такси Москва Думиничи;такси Москва Думиничи;2;;0;;0;;0
moskva-duxovniczkoe;Такси Москва Духовницкое;такси Москва Духовницкое;0;;0;;0;;0
moskva-duxovshhina;Такси Москва Духовщина;такси Москва Духовщина;0;;0;;0;;0
moskva-dyatkovo;Такси Москва Дятьково;такси Москва Дятьково;3;;0;;0;;0
moskva-dyurso;Такси Москва Дюрсо;такси Москва Дюрсо;2;;0;;0;;0
moskva-dyurtyuli;Такси Москва Дюртюли;такси Москва Дюртюли;1;;0;;0;;0
moskva-dzerzhinsk;Такси Москва Дзержинск;такси Москва Дзержинск;35;такси дзержинск москва;35;;0;;0
moskva-dzhalil;Такси Москва Джалиль;такси Москва Джалиль;1;;0;;0;;0
moskva-dzhankoj;Такси Москва Джанкой;такси Москва Джанкой;59;такси джанкой москва;59;заказа междугороднее такси джанкой москва;5;;0
moskva-dzhanxot;Такси Москва Джанхот;такси Москва Джанхот;0;;0;;0;;0
moskva-dzhiginka;Такси Москва Джигинка;такси Москва Джигинка;0;;0;;0;;0
moskva-efimovskij;Такси Москва Ефимовский;такси Москва Ефимовский;0;;0;;0;;0
moskva-efremov;Такси Москва Ефремов;такси Москва Ефремов;10;такси москва ефремов;10;;0;;0
moskva-ekaterinovka;Такси Москва Екатериновка;такси Москва Екатериновка;0;;0;;0;;0
moskva-elabuga;Такси Москва Елабуга;такси Москва Елабуга;4;;0;;0;;0
moskva-elan;Такси Москва Елань;такси Москва Елань;1;;0;;0;;0
moskva-elan-kolenovskij;Такси Москва Елань-Коленовский;такси Москва Елань-Коленовский;0;;0;;0;;0
moskva-elatma;Такси Москва Елатьма;такси Москва Елатьма;2;;0;;0;;0
moskva-elecz;Такси Москва Елец;такси Москва Елец;41;такси елец москва;41;;0;;0
moskva-eleczkij;Такси Москва Елецкий;такси Москва Елецкий;1;;0;;0;;0
moskva-elizavetinskaya;Такси Москва Елизаветинская;такси Москва Елизаветинская;0;;0;;0;;0
moskva-elnya;Такси Москва Ельня;такси Москва Ельня;4;;0;;0;;0
moskva-emanzhelinsk;Такси Москва Еманжелинск;такси Москва Еманжелинск;1;;0;;0;;0
moskva-emva;Такси Москва Емва;такси Москва Емва;0;;0;;0;;0
moskva-enem;Такси Москва Энем;такси Москва Энем;0;;0;;0;;0
moskva-engelsk;Такси Москва Энгельск;такси Москва Энгельск;0;;0;;0;;0
moskva-ermish;Такси Москва Ермишь;такси Москва Ермишь;1;;0;;0;;0
moskva-ermolino;Такси Москва Ермолино;такси Москва Ермолино;4;;0;;0;;0
moskva-ermolino-2;Такси Москва Ермолино;такси Москва Ермолино;4;;0;;0;;0
moskva-ershov;Такси Москва Ершов;такси Москва Ершов;0;;0;;0;;0
