page_url;city_from;city_to;phrase;total_count;top_1_phrase;top_1_count
https://city2city.ru/ufa-oktjabrskij;Уфа;Октябрьский;такси Уфа Октябрьский;1786;такси октябрьский уфа;1786
https://city2city.ru/ufa-salavat;Уфа;Салават;такси Уфа Салават;1196;такси салават уфа;1196
https://city2city.ru/ufa-kumertau;Уфа;Кумертау;такси Уфа Кумертау;1157;такси кумертау уфа;1157
https://city2city.ru/ufa-sterlitamak;Уфа;Стерлитамак;такси Уфа Стерлитамак;1155;такси стерлитамак уфа;1155
https://city2city.ru/ufa-belebej;Уфа;Белебей;такси Уфа Белебей;1125;такси уфа белебей;1125
https://city2city.ru/ufa-tujmazy;Уфа;Туймазы;такси Уфа Туймазы;1077;такси туймазы уфа;1077
https://city2city.ru/ufa-beloreck;Уфа;Белорецк;такси Уфа Белорецк;860;такси белорецк уфа;860
https://city2city.ru/ufa-meleuz;Уфа;Мелеуз;такси Уфа Мелеуз;835;такси мелеуз уфа;835
https://city2city.ru/ufa-orenburg;Уфа;Оренбург;такси Уфа Оренбург;791;такси оренбург уфа;791
https://city2city.ru/ufa-sibaj;Уфа;Сибай;такси Уфа Сибай;721;такси сибай уфа;721
https://city2city.ru/samara-buguruslan;Самара;Бугуруслан;такси Самара Бугуруслан;706;такси бугуруслан самара;706
https://city2city.ru/ekaterinburg-chelyabinsk;международный аэропорт Кольцово Екатеринбург;Челябинск;такси Екатеринбург Челябинск;626;такси екатеринбург челябинск;626
https://city2city.ru/moskva-tula;Москва;Тула;такси Москва Тула;522;такси москва тула;522
https://city2city.ru/kazan-almetevsk;Международный аэропорт Казань;Альметьевск;такси Казань Альметьевск;479;такси казань альметьевск;479
https://city2city.ru/kazan-nizhnekamsk;Международный аэропорт Казань;Нижнекамск;такси Казань Нижнекамск;474;такси казань нижнекамск;474
https://city2city.ru/kazan-nab_chelny;Международный аэропорт Казань;Набережные Челны;такси Казань Набережные Челны;464;такси набережные челны казань;464
https://city2city.ru/moskva-ryazan;Москва;Рязань;такси Москва Рязань;461;такси москва рязань;461
https://city2city.ru/kazan-bugulma;Международный аэропорт Казань;Бугульма;такси Казань Бугульма;459;такси бугульма казань;459
https://city2city.ru/moskva-piter;Москва;Санкт-Петербург;такси Москва Санкт-Петербург;449;такси москва санкт петербург;449
https://city2city.ru/kazan-samara;Международный аэропорт Казань;Самара;такси Казань Самара;385;такси казань самара;385
https://city2city.ru/moskva-voronezh;Москва;Воронеж;такси Москва Воронеж;366;такси москва воронеж;366
https://city2city.ru/cheljabinsk-sibaj;Челябинск;Сибай;такси Челябинск Сибай;334;такси челябинск сибай;334
https://city2city.ru/ufa-magnitogorsk;Уфа;Магнитогорск;такси Уфа Магнитогорск;327;уфа магнитогорск такси;327
https://city2city.ru/moskva-tver;Москва;Тверь;такси Москва Тверь;307;такси москва тверь;307
https://city2city.ru/kazan-ufa;Международный аэропорт Казань;Уфа;такси Казань Уфа;276;такси казань уфа;276
https://city2city.ru/moskva-yaroslavl;Москва;Ярославль;такси Москва Ярославль;269;такси москва ярославль;269
https://city2city.ru/ekaterinburg-irbit;Екатеринбург;Ирбит;такси Екатеринбург Ирбит;250;такси ирбит екатеринбург;250
https://city2city.ru/ufa-neftekams;Уфа;Нефтекамск;такси Уфа Нефтекамск;249;такси уфа нефтекамск;249
https://city2city.ru/kazan-ulyanovsk;Международный аэропорт Казань;Ульяновск;такси Казань Ульяновск;234;такси казань ульяновск;234
https://city2city.ru/ufa-ishimbaj;Уфа;Ишимбай;такси Уфа Ишимбай;210;такси уфа ишимбай;210
https://city2city.ru/ufa-chelyabinsk;Уфа;Челябинск;такси Уфа Челябинск;207;такси челябинск уфа;207
https://city2city.ru/ufa-samara;Уфа;Самара;такси Уфа Самара;200;такси уфа самара;200
https://city2city.ru/kazan-yoskar_ola;Международный аэропорт Казань;Йошкар-Ола;такси Казань Йошкар-Ола;192;такси казань йошкар ола;192
https://city2city.ru/moskva-vladimir;Москва;Владимир;такси Москва Владимир;191;такси москва владимир;191
https://city2city.ru/kazan-cheboksary;Международный аэропорт Казань;Чебоксары;такси Казань Чебоксары;190;такси казань чебоксары;190
https://city2city.ru/tumen-ekaterinburg;городской округ Тюмень;Екатеринбург;такси Тюмень Екатеринбург;190;такси екатеринбург тюмень;190
https://city2city.ru/kazan-elabuga;Казань;Елабуга;такси Казань Елабуга;189;такси елабуга казань;189
https://city2city.ru/ekaterinburg-tagil;международный аэропорт Кольцово Екатеринбург;Нижний Тагил;такси Екатеринбург Нижний Тагил;182;такси екатеринбург нижний тагил;182
https://city2city.ru/svo-taxi-krasnodar-donetsk;Краснодар;Донецк;такси Краснодар Донецк;181;такси донецк краснодар;181
https://city2city.ru/ekaterinburg-ufa;международный аэропорт Кольцово Екатеринбург;Уфа;такси Екатеринбург Уфа;172;такси уфа екатеринбург;172
https://city2city.ru/ufa-ekaterinburg;Уфа;Екатеринбург;такси Уфа Екатеринбург;172;такси уфа екатеринбург;172
https://city2city.ru/cheljabinsk-magnitogorsk;Челябинск;Магнитогорск;такси Челябинск Магнитогорск;169;такси челябинск магнитогорск;169
https://city2city.ru/kazan-kirov;Международный аэропорт Казань;Киров;такси Казань Киров;169;такси казань киров;169
https://city2city.ru/svo-taxi-starobelsk-2;;Старобельск;такси  Старобельск;162;такси старобельск;162
https://city2city.ru/ekaterinburg-sibaj;Екатеринбург;Сибай;такси Екатеринбург Сибай;160;такси сибай екатеринбург;160
https://city2city.ru/moskva-borovichi;Москва;Боровичи;такси Москва Боровичи;151;такси боровичи москва;151
https://city2city.ru/cheljabinsk-beloreck;Челябинск;Белорецк;такси Челябинск Белорецк;137;такси белорецк челябинск;137
https://city2city.ru/ekaterinburg-perm;международный аэропорт Кольцово Екатеринбург;Пермь;такси Екатеринбург Пермь;129;такси екатеринбург пермь;129
https://city2city.ru/kazan-izhevsk;Международный аэропорт Казань;Ижевск;такси Казань Ижевск;126;такси казань ижевск;126
https://city2city.ru/donetsk-volgograd;Донецк;Волгоград;такси Донецк Волгоград;123;такси донецк волгоград;123
https://city2city.ru/moskva-lipetsk;Москва;Липецк;такси Москва Липецк;115;такси москва липецк;115
https://city2city.ru/svo-taxi-moskva-mariupol;Москва;Мариуполь;такси Москва Мариуполь;111;такси москва мариуполь;111
https://city2city.ru/kazan-leninogorsk;Казань;Лениногорск;такси Казань Лениногорск;106;такси лениногорск казань номер;18
https://city2city.ru/ufa-perm;Уфа;Пермь;такси Уфа Пермь;97;уфа пермь такси;97
https://city2city.ru/cheljabinsk-uchaly;Челябинск;село Учалы;такси Челябинск Учалы;93;такси учалы челябинск;93
https://city2city.ru/ufa-naberezhnye-chelny;Уфа;Набережные Челны;такси Уфа Набережные Челны;93;уфа набережные челны такси;93
https://city2city.ru/ekaterinburg-magnitogorsk;международный аэропорт Кольцово Екатеринбург;Магнитогорск;такси Екатеринбург Магнитогорск;82;такси магнитогорск екатеринбург;82
https://city2city.ru/mariupol-rostov-na-don;Мариуполь;Ростов-на-Дону;такси Мариуполь Ростов-на-Дону;76;такси ростов на дону мариуполь;76
https://city2city.ru/lugansk-volgograd;Луганск;Волгоград;такси Луганск Волгоград;70;такси волгоград луганск;70
https://city2city.ru/kazan-chistopol;Международный аэропорт Казань;Чистополь;такси Казань Чистополь;69;такси чистополь казань цена;7
https://city2city.ru/cheljabinsk-kurgan;Челябинск;Курган;такси Челябинск Курган;67;такси челябинск курган;67
https://city2city.ru/kazan-nizhniy_novgorod;Международный аэропорт Казань;Нижний Новгород;такси Казань Нижний Новгород;64;такси казань нижний новгород;64
https://city2city.ru/svo-taxi-shebekino-belgorod;Шебекино;Белгород;такси Шебекино Белгород;62;такси белгород шебекино;62
https://city2city.ru/lugansk-samara;Луганск;Самара;такси Луганск Самара;60;такси луганск самара;60
https://city2city.ru/svo-taxi-rossosh-voronezh;Россошь;Воронеж;такси Россошь Воронеж;60;такси воронеж россошь;60
https://city2city.ru/valuyki-belgorod;Валуйки;Белгород;такси Валуйки Белгород;60;такси валуйки белгород;60
https://city2city.ru/svo-taxi-gorlovka-moskva;Горловка;Москва;такси Горловка Москва;58;такси москва горловка;58
https://city2city.ru/svo-taxi-moskva-gorlovka;Москва;Горловка;такси Москва Горловка;58;такси москва горловка;58
https://city2city.ru/svo-taxi-donetsk-lugansk;Донецк;Луганск;такси Донецк Луганск;57;луганск донецк такси;57
https://city2city.ru/tumen-chelyabinsk;аэропорт Тюмень (Рощино);Челябинск;такси Тюмень Челябинск;57;такси челябинск тюмень;57
https://city2city.ru/svo-taxi-rossosh-belgorod;Россошь;Белгород;такси Россошь Белгород;55;такси россошь белгород;55
https://city2city.ru/ufa-nizhnekamsk;Уфа;Нижнекамск;такси Уфа Нижнекамск;54;такси уфа нижнекамск;54
https://city2city.ru/svo-taxi-krasnodar-mariupol;Краснодар;Мариуполь;такси Краснодар Мариуполь;51;такси мариуполь краснодар;51
https://city2city.ru/svo-taxi-rossosh-rovenki;Россошь;Ровеньки;такси Россошь Ровеньки;50;такси ровеньки россошь;50
https://city2city.ru/svo-taxi-rovenki-rossosh;рабочий посёлок Ровеньки;Россошь;такси Ровеньки Россошь;50;такси ровеньки россошь;50
https://city2city.ru/donetsk-ufa;Донецк;Уфа;такси Донецк Уфа;47;такси донецк уфа;47
https://city2city.ru/ekaterinburg-kurgan;международный аэропорт Кольцово Екатеринбург;Курган;такси Екатеринбург Курган;47;такси курган екатеринбург;47
https://city2city.ru/kazan-ekaterinburg;Международный аэропорт Казань;Екатеринбург;такси Казань Екатеринбург;42;такси екатеринбург казань;42
https://city2city.ru/lugansk-rostov-na-don;Луганск;Ростов-на-Дону;такси Луганск Ростов-на-Дону;40;такси из ростова на дону в луганск;10
https://city2city.ru/svo-taxi-krasnodar-lugansk;Краснодар;Луганск;такси Краснодар Луганск;38;такси краснодар луганск;38
https://city2city.ru/rostov-eisk;аэропорт Платов;Ейск;такси Ростов-на-Дону Ейск;36;такси ростов на дону ейск;36
https://city2city.ru/svo-taxi-donetsk-mineralnye-vody-aeroport;Донецк;Минеральные Воды;такси Донецк Минеральные Воды;36;такси донецк минеральные воды;36
https://city2city.ru/svo-taxi-boguchar-rossosh;Богучар;Россошь;такси Богучар Россошь;33;такси россошь богучар;33
https://city2city.ru/svo-taxi-donetsk-gorlovka;Донецк;Горловка;такси Донецк Горловка;31;такси донецк горловка;31
https://city2city.ru/donetsk-saratov;Донецк;Саратов;такси Донецк Саратов;29;такси донецк саратов;29
https://city2city.ru/donetsk-kazan;Донецк;Казань;такси Донецк Казань;28;такси донецк казань;28
https://city2city.ru/ekaterinburg-shadrinsk;международный аэропорт Кольцово Екатеринбург;Шадринск;такси Екатеринбург Шадринск;28;такси екатеринбург шадринск;28
https://city2city.ru/melitopol-rostov-na-don;Мелитополь;Ростов-на-Дону;такси Мелитополь Ростов-на-Дону;26;такси мелитополь ростов на дону;26
https://city2city.ru/svo-taxi-rostov-na-donu-melitopol;Ростов-на-Дону;Мелитополь;такси Ростов-на-Дону Мелитополь;26;такси мелитополь ростов на дону;26
https://city2city.ru/lugansk-saratov;Луганск;Саратов;такси Луганск Саратов;25;такси луганск саратов;25
https://city2city.ru/svo-taxi-alchevsk-lugansk;Алчевск;Луганск;такси Алчевск Луганск;24;такси алчевск луганск;24
https://city2city.ru/svo-taxi-lugansk-alchevsk;Луганск;Алчевск;такси Луганск Алчевск;24;такси алчевск луганск;24
https://city2city.ru/lugansk-voronezh;Луганск;Воронеж;такси Луганск Воронеж;23;такси луганск воронеж;23
https://city2city.ru/valuyki-voronezh;Валуйки;Воронеж;такси Валуйки Воронеж;23;такси воронеж валуйки;23
https://city2city.ru/rostov-astrahan;аэропорт Платов;Астрахань;такси Ростов-на-Дону Астрахань;21;ростов на дону астрахань такси;21
https://city2city.ru/svo-taxi-kpp-valuyki-rossosh;Валуйки;Россошь;такси Валуйки Россошь;20;такси валуйки россошь;20
https://city2city.ru/svo-taxi-lugansk-stahanov;Луганск;Стаханов;такси Луганск Стаханов;20;такси луганск стаханов;20
https://city2city.ru/samara-cheboksary;Самара;Чебоксары;такси Самара Чебоксары;19;самара чебоксары такси;19
https://city2city.ru/svo-taxi-snezhnoe-moskva;Снежное;Москва;такси Снежное Москва;18;такси снежное москва;18
https://city2city.ru/kazan-perm;Международный аэропорт Казань;Пермь;такси Казань Пермь;17;такси казань пермь;17
https://city2city.ru/lugansk-simferopol;Луганск;Симферополь;такси Луганск Симферополь;16;такси луганск симферополь;16
https://city2city.ru/svo-taxi-krasnodar-melitopol;Краснодар;Мелитополь;такси Краснодар Мелитополь;16;такси краснодар мелитополь;16
https://city2city.ru/lugansk-belgorod;Луганск;Белгород;такси Луганск Белгород;15;такси белгород луганск;15
https://city2city.ru/svo-taxi-gorlovka-rostov-na-donu;Горловка;Ростов-на-Дону;такси Горловка Ростов-на-Дону;15;такси ростов на дону горловка;15
https://city2city.ru/svo-taxi-rostov-na-donu-gorlovka;Ростов-на-Дону;Горловка;такси Ростов-на-Дону Горловка;15;такси ростов на дону горловка;15
https://city2city.ru/svo-taxi-lugansk-izvarino;Луганск;Изварино;такси Луганск Изварино;14;такси луганск изварино;14
https://city2city.ru/svo-taxi-millerovo-lugansk;Миллерово;Луганск;такси Миллерово Луганск;14;такси миллерово луганск;14
https://city2city.ru/ufa-agidel;Уфа;Агидель;такси Уфа Агидель;14;такси уфа агидель;14
https://city2city.ru/donetsk-kirov;Донецк;Киров;такси Донецк Киров;13;такси донецк киров;13
https://city2city.ru/svo-taxi-rostov-na-donu-tokmak;Ростов-на-Дону;Токмак;такси Ростов-на-Дону Токмак;13;такси токмак ростов на дону;13
https://city2city.ru/tokmak-rostov-na-don;Токмак;Ростов-на-Дону;такси Токмак Ростов-на-Дону;13;такси токмак ростов на дону;13
https://city2city.ru/svo-taxi-kamenka-novosibirsk;село Каменка;Новосибирск;такси Каменка Новосибирск;12;такси по каменке новосибирск;12
https://city2city.ru/svo-taxi-krasnyy-luch-lugansk;Красный луч;Луганск;такси Красный луч Луганск;12;такси луганск красный луч;12
https://city2city.ru/svo-taxi-lugansk-krasnyy-luch;Луганск;Красный Луч;такси Луганск Красный Луч;12;такси луганск красный луч;12
https://city2city.ru/svo-taxi-krasnyy-luch-antratsit;Красный луч;Антрацит;такси Красный луч Антрацит;11;;0
https://city2city.ru/donetsk-chelyabinsk;Донецк;Челябинск;такси Донецк Челябинск;10;такси донецк челябинск;10
https://city2city.ru/lugansk-ufa;Луганск;Уфа;такси Луганск Уфа;10;луганск уфа такси;10
https://city2city.ru/svo-taxi-lugansk-lutugino;Луганск;Лутугино;такси Луганск Лутугино;10;такси луганск лутугино;10
https://city2city.ru/svo-taxi-lutugino-lugansk;Лутугино;Луганск;такси Лутугино Луганск;10;такси луганск лутугино;10
https://city2city.ru/svo-taxi-rossosh-starobelsk;Россошь;Старобельск;такси Россошь Старобельск;10;такси россошь старобельск;10
https://city2city.ru/donetsk-orenburg;Донецк;Оренбург;такси Донецк Оренбург;9;такси оренбург донецк;9
https://city2city.ru/tumen-hanty-mansiysk;аэропорт Тюмень (Рощино);Ханты-Мансийск;такси Тюмень Ханты-Мансийск;9;;0
https://city2city.ru/svo-taxi-rostov-na-donu-antratsit;Ростов-на-Дону;Антрацит;такси Ростов-на-Дону Антрацит;8;;0
https://city2city.ru/svo-taxi-tokmak-melitopol;Токмак;Мелитополь;такси Токмак Мелитополь;8;такси мелитополь токмак;8
https://city2city.ru/donetsk-ekaterinburg;Донецк;Екатеринбург;такси Донецк Екатеринбург;7;такси донецк екатеринбург;7
https://city2city.ru/melitopol-ryazan;Мелитополь;Рязань;такси Мелитополь Рязань;7;;0
https://city2city.ru/svo-taxi-bryanka-lugansk;Брянка;Луганск;такси Брянка Луганск;7;такси луганск брянка;7
https://city2city.ru/svo-taxi-millerovo-donetsk;Миллерово;Донецк;такси Миллерово Донецк;7;;0
https://city2city.ru/svo-taxi-rossosh-smolensk;Россошь;Смоленск;такси Россошь Смоленск;7;такси россошь смоленск;7
https://city2city.ru/svo-taxi-rostov-na-donu-snezhnoe;Ростов-на-Дону;Снежное;такси Ростов-на-Дону Снежное;7;такси снежное ростов на дону;7
https://city2city.ru/svo-taxi-snezhnoe-rostov-na-donu;Снежное;Ростов-на-Дону;такси Снежное Ростов-на-Дону;7;такси снежное ростов на дону;7
https://city2city.ru/kazan-saransk;Международный аэропорт Казань;Саранск;такси Казань Саранск;6;;0
https://city2city.ru/lugansk-kursk;Луганск;Курск;такси Луганск Курск;6;такси луганск курск;6
https://city2city.ru/svo-taxi-donetsk-starobeshevo;Донецк;Старобешево;такси Донецк Старобешево;6;такси старобешево донецк;6
https://city2city.ru/svo-taxi-lugansk-antratsit;Луганск;Антрацит;такси Луганск Антрацит;6;такси антрацит луганск;6
https://city2city.ru/svo-taxi-lugansk-severodonetsk;Луганск;Северодонецк;такси Луганск Северодонецк;6;такси луганск северодонецк;6
https://city2city.ru/svo-taxi-severodonetsk-lugansk;Северодонецк;Луганск;такси Северодонецк Луганск;6;такси луганск северодонецк;6
https://city2city.ru/lugansk-chelyabinsk;Луганск;Челябинск;такси Луганск Челябинск;5;;0
https://city2city.ru/svo-taxi-rossosh-nizhniy-novgorod;Россошь;Нижний Новгород;такси Россошь Нижний Новгород;5;;0
https://city2city.ru/svo-taxi-rostov-na-donu-starobeshevo;Ростов-на-Дону;Старобешево;такси Ростов-на-Дону Старобешево;5;;0
https://city2city.ru/urazovo-belgorod;рабочий посёлок Уразово;Белгород;такси Уразово Белгород;5;;0
https://city2city.ru/lugansk-bryansk;Луганск;Брянск;такси Луганск Брянск;4;;0
https://city2city.ru/lugansk-izhevsk;Луганск;Ижевск;такси Луганск Ижевск;4;;0
https://city2city.ru/svo-taxi-lugansk-starobelsk;Луганск;Старобельск;такси Луганск Старобельск;4;такси луганск старобельск;4
https://city2city.ru/svo-taxi-rossosh-bryansk;Россошь;Брянск;такси Россошь Брянск;4;;0
https://city2city.ru/svo-taxi-starobelsk-lugansk;Старобельск;Луганск;такси Старобельск Луганск;4;такси луганск старобельск;4
https://city2city.ru/donetsk-perm;Донецк;Пермь;такси Донецк Пермь;3;;0
https://city2city.ru/lugansk-stavropol;Луганск;Ставрополь;такси Луганск Ставрополь;3;;0
https://city2city.ru/svo-taxi-boguchar-bryansk;Богучар;Брянск;такси Богучар Брянск;3;;0
https://city2city.ru/svo-taxi-kamenka-nizhniy-novgorod;село Каменка;Нижний Новгород;такси Каменка Нижний Новгород;3;;0
https://city2city.ru/svo-taxi-lugansk-rovenki;Луганск;Ровеньки;такси Луганск Ровеньки;3;такси луганск ровеньки;3
https://city2city.ru/svo-taxi-melitopol-energodar;Мелитополь;Энергодар;такси Мелитополь Энергодар;3;такси мелитополь энергодар;3
https://city2city.ru/svo-taxi-rossosh-kursk;Россошь;Курск;такси Россошь Курск;3;;0
https://city2city.ru/svo-taxi-rostov-na-donu-stahanov;Ростов-на-Дону;Стаханов;такси Ростов-на-Дону Стаханов;3;;0
https://city2city.ru/svo-taxi-rovenki-lugansk;рабочий посёлок Ровеньки;Луганск;такси Ровеньки Луганск;3;такси луганск ровеньки;3
https://city2city.ru/donetsk-maykop;Донецк;Майкоп;такси Донецк Майкоп;2;;0
https://city2city.ru/donetsk-saransk;Донецк;Саранск;такси Донецк Саранск;2;;0
https://city2city.ru/donetsk-tambov;Донецк;Тамбов;такси Донецк Тамбов;2;;0
https://city2city.ru/lugansk-ryazan;Луганск;Рязань;такси Луганск Рязань;2;;0
https://city2city.ru/mariupol-kursk;Мариуполь;Курск;такси Мариуполь Курск;2;;0
https://city2city.ru/mariupol-voronezh;Мариуполь;Воронеж;такси Мариуполь Воронеж;2;;0
https://city2city.ru/svo-taxi-kamenka-smolensk;село Каменка;Смоленск;такси Каменка Смоленск;2;;0
https://city2city.ru/svo-taxi-krasnyy-luch-rostov-na-donu;Красный луч;Ростов-на-Дону;такси Красный луч Ростов-на-Дону;2;;0
https://city2city.ru/tokmak-samara;Токмак;Самара;такси Токмак Самара;2;;0
https://city2city.ru/donetsk-yoshkar-ola;Донецк;Йошкар-Ола;такси Донецк Йошкар-Ола;1;;0
https://city2city.ru/energodar-simferopol;Энергодар;Симферополь;такси Энергодар Симферополь;1;;0
https://city2city.ru/lugansk-kirov;Луганск;Киров;такси Луганск Киров;1;;0
https://city2city.ru/lugansk-kostroma;Луганск;Кострома;такси Луганск Кострома;1;;0
https://city2city.ru/lugansk-saransk;Луганск;Саранск;такси Луганск Саранск;1;;0
https://city2city.ru/mariupol-kazan;Мариуполь;Казань;такси Мариуполь Казань;1;;0
https://city2city.ru/mariupol-stavropol;Мариуполь;Ставрополь;такси Мариуполь Ставрополь;1;;0
https://city2city.ru/melitopol-penza;Мелитополь;Пенза;такси Мелитополь Пенза;1;;0
https://city2city.ru/melitopol-ufa;Мелитополь;Уфа;такси Мелитополь Уфа;1;;0
https://city2city.ru/svo-taxi-kpp-uspenka-donetsk;село Авило-Успенка;Донецк;такси Авило-Успенка Донецк;1;;0
https://city2city.ru/svo-taxi-rostov-na-donu-novosibirsk;Ростов-на-Дону;Новосибирск;такси Ростов-на-Дону Новосибирск;1;;0
https://city2city.ru/svo-taxi-rubezhnoe-lugansk;Рубежное;Луганск;такси Рубежное Луганск;1;такси луганск рубежное;1
https://city2city.ru/svo-taxi-sochi-aeroport-donetsk;Сочи Аэропорт;Донецк;такси Сочи Аэропорт Донецк;1;;0
https://city2city.ru/energodar-rostov-na-don;Энергодар;Ростов-на-Дону;такси Энергодар Ростов-на-Дону;0;;0
https://city2city.ru/energodar-ufa;Энергодар;Уфа;такси Энергодар Уфа;0;;0
https://city2city.ru/lugansk-astrahan;Луганск;Астрахань;такси Луганск Астрахань;0;;0
https://city2city.ru/lugansk-perm;Луганск;Пермь;такси Луганск Пермь;0;;0
https://city2city.ru/lugansk-yoshkar-ola;Луганск;Йошкар-Ола;такси Луганск Йошкар-Ола;0;;0
https://city2city.ru/mariupol-ufa;Мариуполь;Уфа;такси Мариуполь Уфа;0;;0
https://city2city.ru/svatovo-belgorod;Сватово;Белгород;такси Сватово Белгород;0;;0
https://city2city.ru/svatovo-kazan;Сватово;Казань;такси Сватово Казань;0;;0
https://city2city.ru/svo-taxi-boguchar-saratov;Богучар;Саратов;такси Богучар Саратов;0;;0
https://city2city.ru/svo-taxi-donetsk-novopetrovka;Донецк;Новопетровка;такси Донецк Новопетровка;0;;0
https://city2city.ru/svo-taxi-donetsk-yurevka;Донецк;Юрьевка;такси Донецк Юрьевка;0;;0
https://city2city.ru/svo-taxi-ivanovo-lugansk;Иваново;Луганск;такси Иваново Луганск;0;;0
https://city2city.ru/svo-taxi-izvarino-lugansk;посёлок городского типа Изварино;Луганск;такси городского типа Изварино Луганск;0;;0
https://city2city.ru/svo-taxi-krasnyy-luch-mariupol;Красный луч;Мариуполь;такси Красный луч Мариуполь;0;;0
https://city2city.ru/svo-taxi-kremennaya-lugansk;Кременная;Луганск;такси Кременная Луганск;0;;0
https://city2city.ru/svo-taxi-mariupol-kpp-vesyolo-voznesenka;Мариуполь;Весёло-Вознесенка;такси Мариуполь Весёло-Вознесенка;0;;0
https://city2city.ru/svo-taxi-mariupol-yurevka;Мариуполь;Юрьевка;такси Мариуполь Юрьевка;0;;0
https://city2city.ru/svo-taxi-melitopol-dneprorudnoe;Мелитополь;Днепрорудное;такси Мелитополь Днепрорудное;0;;0
https://city2city.ru/svo-taxi-mineralnye-vody-aeroport-donetsk;Минеральные Воды Аэропорт;Донецк;такси Минеральные Воды Аэропорт Донецк;0;;0
https://city2city.ru/svo-taxi-novopetrovka-donetsk;село Новопетровка;Донецк;такси Новопетровка Донецк;0;;0
https://city2city.ru/svo-taxi-rossosh-severodonetsk;Россошь;Северодонецк;такси Россошь Северодонецк;0;;0
https://city2city.ru/svo-taxi-rostov-na-donu-energodar;Ростов-на-Дону;Энергодар;такси Ростов-на-Дону Энергодар;0;;0
https://city2city.ru/svo-taxi-rostov-na-donu-kazachi-lageri;Ростов-на-Дону;Казачьи Лагери;такси Ростов-на-Дону Казачьи Лагери;0;;0
https://city2city.ru/svo-taxi-rostov-na-donu-severodonetsk;Ростов-на-Дону;Северодонецк;такси Ростов-на-Дону Северодонецк;0;;0
https://city2city.ru/svo-taxi-sankt-peterburg-stahanov;Санкт-Петербург;Стаханов;такси Санкт-Петербург Стаханов;0;;0
https://city2city.ru/svo-taxi-svatovo-lugansk;Сватово;Луганск;такси Сватово Луганск;0;;0
https://city2city.ru/svo-taxi-yurevka-donetsk;село Юрьевка;Донецк;такси Юрьевка Донецк;0;;0
https://city2city.ru/tokmak-simferopol;Токмак;Симферополь;такси Токмак Симферополь;0;;0
