fo,city_from,city_to,freq,slug,distance_fill,price_fill,query,distance,price
ДФО,Иркутск,Хабаровск,19,irkutsk-xabarovsk,3224,96500,такси Иркутск Хабаровск,NULL,NULL
ПФО,Ижевск,Альметьевск,13,izhevsk-almetevsk,273,8000,такси Ижевск Альметьевск,NULL,NULL
ПФО,Казань,Димитровград,21,kazan-dimitrovgrad,234,7000,такси Казань Димитровград,NULL,NULL
ПФО,Казань,Анапа,20,kazan-anapa,1934,58000,такси Казань Анапа,NULL,NULL
ПФО,Казань,Курск,12,kazan-kursk,1269,38000,такси Казань Курск,NULL,NULL
ПФО,Казань,Рыбное,12,kazan-rybnoe,801,24000,такси Казань Рыбное,NULL,NULL
ПФО,Казань,Богучар,10,kazan-boguchar,,,такси Казань Богучар,NULL,NULL
ПФО,Киров,Моршанск,25,kirov-morshansk,,,такси Киров Моршанск,NULL,NULL
ПФО,Киров,Йошкар-Ола,24,kirov-joshkar-ola,,,такси Киров Йошкар-Ола,NULL,NULL
ПФО,Киров,Подольск,20,kirov-podolsk,,,такси Киров Подольск,NULL,NULL
ПФО,Киров,Симферополь,12,kirov-simferopol,,,такси Киров Симферополь,NULL,NULL
ПФО,Киров,Смоленск,12,kirov-smolensk,,,такси Киров Смоленск,NULL,NULL
ПФО,Киров,Орёл,11,kirov-oryol,,,такси Киров Орёл,NULL,NULL
ПФО,Киров,Пятигорск,11,kirov-pyatigorsk,,,такси Киров Пятигорск,NULL,NULL
ПФО,Киров,Екатеринбург,10,kirov-ekaterinburg,,,такси Киров Екатеринбург,NULL,NULL
ПФО,Нижний Новгород,Уфа,24,nizhnij-novgorod-ufa,931,28000,такси Нижний Новгород Уфа,NULL,NULL
ПФО,Нижний Новгород,Ульяновск,24,nizhnij-novgorod-ulyanovsk,432,13000,такси Нижний Новгород Ульяновск,NULL,NULL
ПФО,Нижний Новгород,Домодедово,22,nizhnij-novgorod-domodedovo,466,14000,такси Нижний Новгород Домодедово,NULL,NULL
ПФО,Нижний Новгород,Ковров,18,nizhnij-novgorod-kovrov,193,6000,такси Нижний Новгород Ковров,NULL,NULL
ПФО,Нижний Новгород,Богучар,10,nizhnij-novgorod-boguchar,,,такси Нижний Новгород Богучар,NULL,NULL
ПФО,Нижний Новгород,Пенза,10,nizhnij-novgorod-penza,424,12500,такси Нижний Новгород Пенза,NULL,NULL
ПФО,Пенза,Лермонтов,12,penza-lermontov,1208,36000,такси Пенза Лермонтов,NULL,NULL
ПФО,Пермь,Самара,82,perm-samara,852,25500,такси Пермь Самара,NULL,NULL
ПФО,Пермь,Чернушка,62,perm-chernushka,229,7000,такси Пермь Чернушка,NULL,NULL
ПФО,Пермь,Ростов-на-Дону,31,perm-rostov-na-donu,2118,63500,такси Пермь Ростов-на-Дону,NULL,NULL
ПФО,Пермь,Челябинск,11,perm-chelyabinsk,566,17000,такси Пермь Челябинск,NULL,NULL
ПФО,Самара,Жигулёвск,43,samara-zhigulevsk,93,3000,такси Самара Жигулёвск,NULL,NULL
ПФО,Самара,Тюмень,17,samara-tyumen,1223,36500,такси Самара Тюмень,NULL,NULL
ПФО,Самара,Новороссийск,14,samara-novorossijsk,1678,50500,такси Самара Новороссийск,NULL,NULL
ПФО,Самара,Смышляевка,13,samara-smyshlyaevka,24,3000,такси Самара Смышляевка,NULL,NULL
ПФО,Самара,Ярославль,11,samara-yaroslavl,1067,32000,такси Самара Ярославль,NULL,NULL
ПФО,Саратов,Энгельс,150,saratov-engelsk,10,3000,такси Саратов Энгельс,NULL,NULL
ПФО,Саратов,Волжский,13,saratov-volzhskij,370,11000,такси Саратов Волжский,NULL,NULL
ПФО,Ульяновск,Гай,11,ulyanovsk-gaj,923,27500,такси Ульяновск Гай,NULL,NULL
ПФО,Ульяновск,Севастополь,11,ulyanovsk-sevastopol,1182,35500,такси Ульяновск Севастополь,NULL,NULL
ПФО,Уфа,Воткинск,10,ufa-votkinsk,358,10500,такси Уфа Воткинск,NULL,NULL
ПФО,Чебоксары,Уфа,28,cheboksary-ufa,697,21000,такси Чебоксары Уфа,NULL,NULL
СВО,Донецк,Симферополь,25,donetsk-simferopol,,,такси Донецк Симферополь,NULL,NULL
СВО,Луганск,Ростов-на-Дону,67,lugansk-rostov-na-don,250,7500,такси Луганск Ростов-на-Дону,195,6000
СВО,Луганск,Белгород,26,lugansk-belgorod,350,10500,такси Луганск Белгород,660,20000
СВО,Луганск,Симферополь,17,lugansk-simferopol,,,такси Луганск Симферополь,710,21500
СВО,Луганск,Курск,16,lugansk-kursk,400,12000,такси Луганск Курск,760,23000
СВО,Луганск,Тула,14,lugansk-tula,700,21000,такси Луганск Тула,NULL,NULL
СВО,Луганск,Казань,11,lugansk-kazan,1300,39000,такси Луганск Казань,NULL,NULL
СВО,Мариуполь,Ростов-на-Дону,79,mariupol-rostov-na-don,180,5500,такси Мариуполь Ростов-на-Дону,185,5500
СВО,Мариуполь,Псков,10,mariupol-pskov,1488,44500,такси Мариуполь Псков,NULL,NULL
СВО,Мелитополь,Ростов-на-Дону,21,melitopol-rostov-na-don,1500,45000,такси Мелитополь Ростов-на-Дону,370,11000
СВО,Токмак,Ростов-на-Дону,12,tokmak-rostov-na-don,538,16000,такси Токмак Ростов-на-Дону,360,11000
СЗФО,Вологда,Сокол,38,vologda-sokol,39,3000,такси Вологда Сокол,NULL,NULL
СЗФО,Псков,Печора,69,pskov-pechora,54,3000,такси Псков Печора,NULL,NULL
СЗФО,Псков,Самара,14,pskov-samara,1899,57000,такси Псков Самара,NULL,NULL
СЗФО,Санкт-Петербург,Бор,45,sankt-peterburg-bor,900,27000,такси Санкт-Петербург Бор,NULL,NULL
СЗФО,Санкт-Петербург,Кировск,27,sankt-peterburg-kirovsk,70,3000,такси Санкт-Петербург Кировск,NULL,NULL
СЗФО,Санкт-Петербург,Остров,15,sankt-peterburg-ostrov,346,10500,такси Санкт-Петербург Остров,NULL,NULL
СЗФО,Санкт-Петербург,Череповец,14,sankt-peterburg-cherepovecz,559,17000,такси Санкт-Петербург Череповец,NULL,NULL
СЗФО,Санкт-Петербург,Великие Луки,14,sankt-peterburg-velikie-luki,483,14500,такси Санкт-Петербург Великие Луки,NULL,NULL
СЗФО,Санкт-Петербург,Александров,10,sankt-peterburg-aleksandrov,791,23500,такси Санкт-Петербург Александров,NULL,NULL
СЗФО,Санкт-Петербург,Киров,10,sankt-peterburg-kirov,,,такси Санкт-Петербург Киров,NULL,NULL
СЗФО,Сыктывкар,Троицкое,25,syktyvkar-selo-troiczkoe,1420,42500,такси Сыктывкар Троицкое,NULL,NULL
СЗФО,аэропорт Пулково,Сосновый Бор,17,aeroport-pulkovo-sosnovyj-bor,99,3000,такси аэропорт Пулково Сосновый Бор,NULL,NULL
СЗФО,аэропорт Пулково,Москва,13,aeroport-pulkovo-moskva,708,21000,такси аэропорт Пулково Москва,NULL,NULL
СКФО,Ставрополь,Будённовск,39,stavropol-budyonnovsk,221,6500,такси Ставрополь Будённовск,NULL,NULL
СКФО,Ставрополь,Тольятти,17,stavropol-tolyatti,1382,41500,такси Ставрополь Тольятти,NULL,NULL
СКФО,Ставрополь,Лермонтов,15,stavropol-lermontov,182,5500,такси Ставрополь Лермонтов,NULL,NULL
СФО,Барнаул,Обь,23,barnaul-ob,230,7000,такси Барнаул Обь,NULL,NULL
СФО,Красноярск,Берёзовский,18,krasnoyarsk-beryozovskij-kemerovskaya-oblast,20,3000,такси Красноярск Берёзовский,NULL,NULL
СФО,Новосибирск,Татарск,15,novosibirsk-tatarsk,475,14000,такси Новосибирск Татарск,NULL,NULL
СФО,Новосибирск,Славгород,11,novosibirsk-slavgorod,395,12000,такси Новосибирск Славгород,NULL,NULL
СФО,Новосибирск,Киселёвск,10,novosibirsk-kiselyovsk,326,10000,такси Новосибирск Киселёвск,NULL,NULL
СФО,Томск,Искитим,10,tomsk-iskitim,316,9500,такси Томск Искитим,NULL,NULL
УФО,Екатеринбург,Ревда,53,ekaterinburg-revda,,,такси Екатеринбург Ревда,NULL,NULL
УФО,Екатеринбург,Заречный,51,ekaterinburg-zarechnyj,,,такси Екатеринбург Заречный,NULL,NULL
УФО,Екатеринбург,Камышлов,15,ekaterinburg-kamyshlov,,,такси Екатеринбург Камышлов,NULL,NULL
УФО,Екатеринбург,Кыштым,15,ekaterinburg-kashtym,,,такси Екатеринбург Кыштым,NULL,NULL
УФО,Екатеринбург,Кашин,10,ekaterinburg-kashin,,,такси Екатеринбург Кашин,NULL,NULL
УФО,Курган,Челябинск,48,kurgan-chelyabinsk,271,8000,такси Курган Челябинск,NULL,NULL
УФО,Курган,Шадринск,23,kurgan-shadrinsk,149,4500,такси Курган Шадринск,NULL,NULL
УФО,Курган,Ростов-на-Дону,10,kurgan-rostov-na-donu,2418,72500,такси Курган Ростов-на-Дону,NULL,NULL
УФО,Ханты-Мансийск,Белоярский,12,xanty-mansijsk-beloyarskij,,,такси Ханты-Мансийск Белоярский,NULL,NULL
УФО,Челябинск,Кыштым,39,chelyabinsk-kashtym,99,3000,такси Челябинск Кыштым,NULL,NULL
УФО,Челябинск,Самара,19,chelyabinsk-samara,871,26000,такси Челябинск Самара,NULL,NULL
ЦФО,Белгород,Ростов-на-Дону,19,belgorod-rostov-na-donu,613,18500,такси Белгород Ростов-на-Дону,NULL,NULL
ЦФО,Белгород,Разумное,17,belgorod-razumnoe,,,такси Белгород Разумное,NULL,NULL
ЦФО,Белгород,Ракитное,13,belgorod-rakitnoe,,,такси Белгород Ракитное,NULL,NULL
ЦФО,Белгород,Ижевск,11,belgorod-izhevsk,1625,49000,такси Белгород Ижевск,NULL,NULL
ЦФО,Белгород,Кострома,10,belgorod-kostroma,,,такси Белгород Кострома,NULL,NULL
ЦФО,Брянск,Екатеринбург,15,bryansk-ekaterinburg,,,такси Брянск Екатеринбург,NULL,NULL
ЦФО,Брянск,Саратов,15,bryansk-saratov,,,такси Брянск Саратов,NULL,NULL
ЦФО,Брянск,Сельцо,14,bryansk-selczo,,,такси Брянск Сельцо,NULL,NULL
ЦФО,Брянск,Фокино,10,bryansk-fokino,,,такси Брянск Фокино,NULL,NULL
ЦФО,Владимир,Петушки,25,vladimir-petushki,,,такси Владимир Петушки,NULL,NULL
ЦФО,Владимир,Лакинск,18,vladimir-lakinsk,,,такси Владимир Лакинск,NULL,NULL
ЦФО,Владимир,Домодедово,17,vladimir-domodedovo,,,такси Владимир Домодедово,NULL,NULL
ЦФО,Владимир,Радужный,16,vladimir-raduzhnyj,,,такси Владимир Радужный,NULL,NULL
ЦФО,Владимир,Покров,10,vladimir-pokrov,,,такси Владимир Покров,NULL,NULL
ЦФО,Владимир,Уразово,10,vladimir-urazovo,,,такси Владимир Уразово,NULL,NULL
ЦФО,Воронеж,Новохопёрск,31,voronezh-novoxopyorsk,,,такси Воронеж Новохопёрск,NULL,NULL
ЦФО,Воронеж,Елец,28,voronezh-elecz,,,такси Воронеж Елец,NULL,NULL
ЦФО,Воронеж,Отрадная,25,voronezh-otradnaya,,,такси Воронеж Отрадная,NULL,NULL
ЦФО,Воронеж,Отрадный,25,voronezh-otradnyj,,,такси Воронеж Отрадный,NULL,NULL
ЦФО,Воронеж,Сасово,22,voronezh-sasovo,,,такси Воронеж Сасово,NULL,NULL
ЦФО,Воронеж,Пермь,18,voronezh-perm,,,такси Воронеж Пермь,NULL,NULL
ЦФО,Воронеж,Симферополь,15,voronezh-simferopol,,,такси Воронеж Симферополь,NULL,NULL
ЦФО,Воронеж,Александров,10,voronezh-aleksandrov,,,такси Воронеж Александров,NULL,NULL
ЦФО,Воронеж,Энгельс,10,voronezh-engelsk,,,такси Воронеж Энгельс,NULL,NULL
ЦФО,Воронеж,Грязи,10,voronezh-gryazi,,,такси Воронеж Грязи,NULL,NULL
ЦФО,Воронеж,Льгов,10,voronezh-lgov,,,такси Воронеж Льгов,NULL,NULL
ЦФО,Иваново,Тейково,42,ivanovo-tejkovo,,,такси Иваново Тейково,NULL,NULL
ЦФО,Иваново,Белебей,11,ivanovo-belebej,,,такси Иваново Белебей,NULL,NULL
ЦФО,Иваново,Псков,10,ivanovo-pskov,,,такси Иваново Псков,NULL,NULL
ЦФО,Калуга,Домодедово,24,kaluga-domodedovo,,,такси Калуга Домодедово,NULL,NULL
ЦФО,Калуга,Кондрово,14,kaluga-kondrovo,,,такси Калуга Кондрово,NULL,NULL
ЦФО,Калуга,Воротынск,14,kaluga-vorotynsk,,,такси Калуга Воротынск,NULL,NULL
ЦФО,Калуга,Ростов-на-Дону,11,kaluga-rostov-na-donu,,,такси Калуга Ростов-на-Дону,NULL,NULL
ЦФО,Курск,Нижний Новгород,16,kursk-nizhnij-novgorod,951,28500,такси Курск Нижний Новгород,NULL,NULL
ЦФО,Курск,Смоленск,14,kursk-smolensk,,,такси Курск Смоленск,NULL,NULL
ЦФО,Курск,Жуков,13,kursk-zhukov,,,такси Курск Жуков,NULL,NULL
ЦФО,Курск,Домодедово,11,kursk-domodedovo,509,15500,такси Курск Домодедово,NULL,NULL
ЦФО,Курск,Любим,11,kursk-lyubim,,,такси Курск Любим,NULL,NULL
ЦФО,Курск,Саратов,10,kursk-saratov,739,22000,такси Курск Саратов,NULL,NULL
ЦФО,Москва,Рыбинск,74,moskva-rybinsk,,,такси Москва Рыбинск,NULL,NULL
ЦФО,Москва,Ставрополь,52,moskva-stavropol,1398,42000,такси Москва Ставрополь,NULL,NULL
ЦФО,Москва,Ковров,42,moskva-kovrov,294,9000,такси Москва Ковров,NULL,NULL
ЦФО,Москва,Череповец,40,moskva-cherepovecz,513,15500,такси Москва Череповец,NULL,NULL
ЦФО,Москва,Муром,40,moskva-murom,,,такси Москва Муром,NULL,NULL
ЦФО,Москва,Великие Луки,31,moskva-velikie-luki,487,14500,такси Москва Великие Луки,NULL,NULL
ЦФО,Москва,Конаково,29,moskva-konakovo,,,такси Москва Конаково,NULL,NULL
ЦФО,Москва,Остров,29,moskva-ostrov,695,21000,такси Москва Остров,NULL,NULL
ЦФО,Москва,Кисловодск,28,moskva-kislovodsk,,,такси Москва Кисловодск,NULL,NULL
ЦФО,Москва,Адлер,27,moskva-adler,,,такси Москва Адлер,NULL,NULL
ЦФО,Москва,Евпатория,27,moskva-evpatoriya,,,такси Москва Евпатория,NULL,NULL
ЦФО,Москва,Набережные Челны,26,moskva-naberezhnye-chelny,,,такси Москва Набережные Челны,NULL,NULL
ЦФО,Москва,Архангельск,25,moskva-arxangelsk,,,такси Москва Архангельск,NULL,NULL
ЦФО,Москва,Вязьма,25,moskva-vyazma,,,такси Москва Вязьма,NULL,NULL
ЦФО,Москва,Арзамас,24,moskva-arzamas,,,такси Москва Арзамас,NULL,NULL
ЦФО,Москва,Жуков,24,moskva-zhukov,,,такси Москва Жуков,NULL,NULL
ЦФО,Москва,Ефремов,23,moskva-efremov,,,такси Москва Ефремов,NULL,NULL
ЦФО,Москва,Льгов,23,moskva-lgov,,,такси Москва Льгов,NULL,NULL
ЦФО,Москва,Малоярославец,23,moskva-maloyaroslavecz,,,такси Москва Малоярославец,NULL,NULL
ЦФО,Москва,Новороссийск,23,moskva-novorossijsk,1491,44500,такси Москва Новороссийск,NULL,NULL
ЦФО,Москва,Сим,23,moskva-sim,,,такси Москва Сим,NULL,NULL
ЦФО,Москва,Торжок,23,moskva-torzhok,,,такси Москва Торжок,NULL,NULL
ЦФО,Москва,Калязин,22,moskva-kalyazin,,,такси Москва Калязин,NULL,NULL
ЦФО,Москва,Тольятти,22,moskva-tolyatti,1025,31000,такси Москва Тольятти,NULL,NULL
ЦФО,Москва,Йошкар-Ола,21,moskva-joshkar-ola,,,такси Москва Йошкар-Ола,NULL,NULL
ЦФО,Москва,Кинешма,21,moskva-kineshma,,,такси Москва Кинешма,NULL,NULL
ЦФО,Москва,Чаплыгин,20,moskva-chaplygin,,,такси Москва Чаплыгин,NULL,NULL
ЦФО,Москва,Тёплое,20,moskva-tyoploe,,,такси Москва Тёплое,NULL,NULL
ЦФО,Москва,Старый Оскол,19,moskva-staryj-oskol,,,такси Москва Старый Оскол,NULL,NULL
ЦФО,Москва,Людиново,18,moskva-lyudinovo,,,такси Москва Людиново,NULL,NULL
ЦФО,Москва,Щёкино,18,moskva-shhyokino,,,такси Москва Щёкино,NULL,NULL
ЦФО,Москва,Волжский,18,moskva-volzhskij,984,29500,такси Москва Волжский,NULL,NULL
ЦФО,Москва,Балашов,16,moskva-balashov,,,такси Москва Балашов,NULL,NULL
ЦФО,Москва,Карачев,16,moskva-karachev,,,такси Москва Карачев,NULL,NULL
ЦФО,Москва,Михайлов,16,moskva-mixajlov,,,такси Москва Михайлов,NULL,NULL
ЦФО,Москва,Новозыбков,16,moskva-novozybkov,,,такси Москва Новозыбков,NULL,NULL
ЦФО,Москва,Сафоново,16,moskva-safonovo,,,такси Москва Сафоново,NULL,NULL
ЦФО,Москва,Балабаново,15,moskva-balabanovo,,,такси Москва Балабаново,NULL,NULL
ЦФО,Москва,Курган,15,moskva-kurgan,2053,61500,такси Москва Курган,NULL,NULL
ЦФО,Москва,Моршанск,15,moskva-morshansk,,,такси Москва Моршанск,NULL,NULL
ЦФО,Москва,Суворов,15,moskva-suvorov,,,такси Москва Суворов,NULL,NULL
ЦФО,Москва,Бор,14,moskva-bor,460,14000,такси Москва Бор,NULL,NULL
ЦФО,Москва,Касимов,14,moskva-kasimov,,,такси Москва Касимов,NULL,NULL
ЦФО,Москва,Мценск,14,moskva-mczensk,,,такси Москва Мценск,NULL,NULL
ЦФО,Москва,Воскресенское,14,moskva-voskresenskoe,,,такси Москва Воскресенское,NULL,NULL
ЦФО,Москва,Железногорск,14,moskva-zheleznogorsk,,,такси Москва Железногорск,NULL,NULL
ЦФО,Москва,Феодосия,13,moskva-feodosiya,,,такси Москва Феодосия,NULL,NULL
ЦФО,Москва,Котельниково,13,moskva-kotelnikovo,,,такси Москва Котельниково,NULL,NULL
ЦФО,Москва,Любим,13,moskva-lyubim,,,такси Москва Любим,NULL,NULL
ЦФО,Москва,Покров,13,moskva-pokrov,,,такси Москва Покров,NULL,NULL
ЦФО,Москва,Венёв,13,moskva-venyov,,,такси Москва Венёв,NULL,NULL
ЦФО,Москва,Клинцы,12,moskva-klinczy,,,такси Москва Клинцы,NULL,NULL
ЦФО,Москва,Сокол,12,moskva-sokol,522,15500,такси Москва Сокол,NULL,NULL
ЦФО,Москва,Судак,12,moskva-sudak,,,такси Москва Судак,NULL,NULL
ЦФО,Москва,Узловая,12,moskva-uzlovaya,,,такси Москва Узловая,NULL,NULL
ЦФО,Москва,Ясный,12,moskva-yasnyj,,,такси Москва Ясный,NULL,NULL
ЦФО,Москва,Алушта,11,moskva-alushta,,,такси Москва Алушта,NULL,NULL
ЦФО,Москва,Богородицк,11,moskva-bogorodiczk,,,такси Москва Богородицк,NULL,NULL
ЦФО,Москва,Долгое,11,moskva-dolgoe,,,такси Москва Долгое,NULL,NULL
ЦФО,Москва,Гулькевичи,11,moskva-gulkevichi,,,такси Москва Гулькевичи,NULL,NULL
ЦФО,Москва,Ржев,11,moskva-rzhev,,,такси Москва Ржев,NULL,NULL
ЦФО,Москва,Гай,10,moskva-gaj,1788,53500,такси Москва Гай,NULL,NULL
ЦФО,Москва,Керчь,10,moskva-kerch,,,такси Москва Керчь,NULL,NULL
ЦФО,Москва,Кимовск,10,moskva-kimovsk,,,такси Москва Кимовск,NULL,NULL
ЦФО,Москва,Старица,10,moskva-staricza,,,такси Москва Старица,NULL,NULL
ЦФО,Москва,Юрьев-Польский,10,moskva-yurev-polskij,,,такси Москва Юрьев-Польский,NULL,NULL
ЦФО,Орёл,Курск,22,oryol-kursk,,,такси Орёл Курск,NULL,NULL
ЦФО,Орёл,Ровное,16,oryol-rovnoe,,,такси Орёл Ровное,NULL,NULL
ЦФО,Орёл,Богучар,13,oryol-boguchar,,,такси Орёл Богучар,NULL,NULL
ЦФО,Орёл,Знаменка,12,oryol-znamenka,,,такси Орёл Знаменка,NULL,NULL
ЦФО,Рязань,Самара,16,ryazan-samara,,,такси Рязань Самара,NULL,NULL
ЦФО,Рязань,Жуковский,11,ryazan-zhukovskij,,,такси Рязань Жуковский,NULL,NULL
ЦФО,Смоленск,Бор,20,smolensk-bor,,,такси Смоленск Бор,NULL,NULL
ЦФО,Смоленск,Любим,20,smolensk-lyubim,,,такси Смоленск Любим,NULL,NULL
ЦФО,Тверь,Торопец,27,tver-toropecz,,,такси Тверь Торопец,NULL,NULL
ЦФО,Тверь,Вышний Волочёк,25,tver-vyshnij-volochyok,,,такси Тверь Вышний Волочёк,NULL,NULL
ЦФО,Тверь,Домодедово,14,tver-domodedovo,,,такси Тверь Домодедово,NULL,NULL
ЦФО,Тверь,Клин,14,tver-klin,,,такси Тверь Клин,NULL,NULL
ЦФО,Тверь,Калязин,10,tver-kalyazin,,,такси Тверь Калязин,NULL,NULL
ЦФО,Тула,Ясный,23,tula-yasnyj,,,такси Тула Ясный,NULL,NULL
ЦФО,Тула,Энгельс,14,tula-engelsk,766,23000,такси Тула Энгельс,NULL,NULL
ЦФО,Тула,Советск,13,tula-sovetsk,,,такси Тула Советск,NULL,NULL
ЦФО,Ярославль,Нерехта,31,yaroslavl-nerexta,,,такси Ярославль Нерехта,NULL,NULL
ЦФО,Ярославль,Домодедово,15,yaroslavl-domodedovo,310,9500,такси Ярославль Домодедово,NULL,NULL
ЦФО,Ярославль,Череповец,14,yaroslavl-cherepovecz,257,7500,такси Ярославль Череповец,NULL,NULL
ЦФО,Ярославль,Холм,14,yaroslavl-xolm,,,такси Ярославль Холм,NULL,NULL
ЮФО,Аэропорт,Архипо-Осиповка,18,krasnodar-arhipo-osipovka,,,такси Аэропорт Архипо-Осиповка,NULL,NULL
ЮФО,Волгоград,Калач,30,volgograd-kalach,,,такси Волгоград Калач,NULL,NULL
ЮФО,Волгоград,Городищи,14,volgograd-gorodishhi,,,такси Волгоград Городищи,NULL,NULL
ЮФО,Волгоград,Жуков,13,volgograd-zhukov,,,такси Волгоград Жуков,NULL,NULL
ЮФО,Волгоград,Нижний Новгород,11,volgograd-nizhnij-novgorod,,,такси Волгоград Нижний Новгород,NULL,NULL
ЮФО,Волгоград,Киров,10,volgograd-kirov,,,такси Волгоград Киров,NULL,NULL
ЮФО,Краснодар,Алушта,63,krasnodar-alushta,,,такси Краснодар Алушта,NULL,NULL
ЮФО,Краснодар,Курганинск,38,krasnodar-kurganinsk,,,такси Краснодар Курганинск,NULL,NULL
ЮФО,Краснодар,Елизаветинская,31,krasnodar-elizavetinskaya,,,такси Краснодар Елизаветинская,NULL,NULL
ЮФО,Краснодар,Калининская,29,krasnodar-kalininskaya,,,такси Краснодар Калининская,NULL,NULL
ЮФО,Краснодар,Кропоткин,28,krasnodar-kropotkin,,,такси Краснодар Кропоткин,NULL,NULL
ЮФО,Краснодар,Афипский,25,krasnodar-afipskij,,,такси Краснодар Афипский,NULL,NULL
ЮФО,Краснодар,Приморско-Ахтарск,25,krasnodar-primorsko-axtarsk,,,такси Краснодар Приморско-Ахтарск,NULL,NULL
ЮФО,Краснодар,Саки,25,krasnodar-saki,,,такси Краснодар Саки,NULL,NULL
ЮФО,Краснодар,Судак,23,krasnodar-sudak,,,такси Краснодар Судак,NULL,NULL
ЮФО,Краснодар,Воронеж,23,krasnodar-voronezh,,,такси Краснодар Воронеж,NULL,NULL
ЮФО,Краснодар,Сукко,22,krasnodar-sukko,,,такси Краснодар Сукко,NULL,NULL
ЮФО,Краснодар,Хадыженск,20,krasnodar-xadyzhensk,,,такси Краснодар Хадыженск,NULL,NULL
ЮФО,Краснодар,Гурзуф,19,krasnodar-gurzuf,,,такси Краснодар Гурзуф,NULL,NULL
ЮФО,Краснодар,Полтавская,19,krasnodar-poltavskaya,,,такси Краснодар Полтавская,NULL,NULL
ЮФО,Краснодар,Брюховецкая,17,krasnodar-bryuxoveczkaya,,,такси Краснодар Брюховецкая,NULL,NULL
ЮФО,Краснодар,Выселки,17,krasnodar-vyselki,,,такси Краснодар Выселки,NULL,NULL
ЮФО,Краснодар,Абрау-Дюрсо,16,krasnodar-avbrau-dyurso,,,такси Краснодар Абрау-Дюрсо,NULL,NULL
ЮФО,Краснодар,Волгоград,14,krasnodar-volgograd,,,такси Краснодар Волгоград,NULL,NULL
ЮФО,Краснодар,Старощербиновская,12,krasnodar-staroshherbinovskaya,,,такси Краснодар Старощербиновская,NULL,NULL
ЮФО,Краснодар,Новопокровская,10,krasnodar-novopokrovskaya,,,такси Краснодар Новопокровская,NULL,NULL
ЮФО,Краснодар,Тбилисская,10,krasnodar-tbilisskaya,,,такси Краснодар Тбилисская,NULL,NULL
ЮФО,Краснодар,Успенское,10,krasnodar-uspenskoe,,,такси Краснодар Успенское,NULL,NULL
ЮФО,Ростов-на-Дону,Весёлый,21,rostov-osyolok-veselyj,99,3000,такси Ростов-на-Дону Весёлый,NULL,NULL
ЮФО,Ростов-на-Дону,Каменск-Шахтинский,19,rostov-kamensk-shaxtinskij,148,4500,такси Ростов-на-Дону Каменск-Шахтинский,NULL,NULL
ЮФО,Ростов-на-Дону,Симферополь,18,rostov-simferopol,,,такси Ростов-на-Дону Симферополь,NULL,NULL
ЮФО,Ростов-на-Дону,Севастополь,15,rostov-sevastopol,1018,30500,такси Ростов-на-Дону Севастополь,NULL,NULL
