city_from,city_to,freq,slug,fo,distance_fill,price_fill
Москва,Рыбинск,74,moskva-rybinsk,ЦФО,,
Краснодар,Алушта,63,krasnodar-alushta,ЮФО,,
Екатеринбург,Ревда,53,ekaterinburg-revda,УФО,,
Екатеринбург,Заречный,51,ekaterinburg-zarechnyj,УФО,,
Иваново,Тейково,42,ivanovo-tejkovo,ЦФО,,
Москва,Муром,40,moskva-murom,ЦФО,,
Краснодар,Курганинск,38,krasnodar-kurganinsk,ЮФО,,
Воронеж,Новохопёрск,31,voronezh-novoxopyorsk,ЦФО,,
Ярославль,Нерехта,31,yaroslavl-nerexta,ЦФО,,
Краснодар,Елизаветинская,31,krasnodar-elizavetinskaya,ЮФО,,
Волгоград,Калач,30,volgograd-kalach,ЮФО,,
Москва,Конаково,29,moskva-konakovo,ЦФО,,
Краснодар,Калининская,29,krasnodar-kalininskaya,ЮФО,,
Воронеж,Елец,28,voronezh-elecz,ЦФО,,
Москва,Кисловодск,28,moskva-kislovodsk,ЦФО,,
Краснодар,Кропоткин,28,krasnodar-kropotkin,ЮФО,,
Москва,Адлер,27,moskva-adler,ЦФО,,
Москва,Евпатория,27,moskva-evpatoriya,ЦФО,,
Тверь,Торопец,27,tver-toropecz,ЦФО,,
Москва,Набережные Челны,26,moskva-naberezhnye-chelny,ЦФО,,
Киров,Моршанск,25,kirov-morshansk,ПФО,,
Донецк,Симферополь,25,donetsk-simferopol,СВО,,
Владимир,Петушки,25,vladimir-petushki,ЦФО,,
Воронеж,Отрадная,25,voronezh-otradnaya,ЦФО,,
Воронеж,Отрадный,25,voronezh-otradnyj,ЦФО,,
Москва,Архангельск,25,moskva-arxangelsk,ЦФО,,
Москва,Вязьма,25,moskva-vyazma,ЦФО,,
Тверь,Вышний Волочёк,25,tver-vyshnij-volochyok,ЦФО,,
Краснодар,Афипский,25,krasnodar-afipskij,ЮФО,,
Краснодар,Приморско-Ахтарск,25,krasnodar-primorsko-axtarsk,ЮФО,,
Краснодар,Саки,25,krasnodar-saki,ЮФО,,
Киров,Йошкар-Ола,24,kirov-joshkar-ola,ПФО,,
Калуга,Домодедово,24,kaluga-domodedovo,ЦФО,,
Москва,Арзамас,24,moskva-arzamas,ЦФО,,
Москва,Жуков,24,moskva-zhukov,ЦФО,,
Москва,Ефремов,23,moskva-efremov,ЦФО,,
Москва,Льгов,23,moskva-lgov,ЦФО,,
Москва,Малоярославец,23,moskva-maloyaroslavecz,ЦФО,,
Москва,Сим,23,moskva-sim,ЦФО,,
Москва,Торжок,23,moskva-torzhok,ЦФО,,
Тула,Ясный,23,tula-yasnyj,ЦФО,,
Краснодар,Судак,23,krasnodar-sudak,ЮФО,,
Краснодар,Воронеж,23,krasnodar-voronezh,ЮФО,,
Воронеж,Сасово,22,voronezh-sasovo,ЦФО,,
Москва,Калязин,22,moskva-kalyazin,ЦФО,,
Орёл,Курск,22,oryol-kursk,ЦФО,,
Краснодар,Сукко,22,krasnodar-sukko,ЮФО,,
Москва,Йошкар-Ола,21,moskva-joshkar-ola,ЦФО,,
Москва,Кинешма,21,moskva-kineshma,ЦФО,,
Киров,Подольск,20,kirov-podolsk,ПФО,,
Москва,Чаплыгин,20,moskva-chaplygin,ЦФО,,
Москва,Тёплое,20,moskva-tyoploe,ЦФО,,
Смоленск,Бор,20,smolensk-bor,ЦФО,,
Смоленск,Любим,20,smolensk-lyubim,ЦФО,,
Краснодар,Хадыженск,20,krasnodar-xadyzhensk,ЮФО,,
Москва,Старый Оскол,19,moskva-staryj-oskol,ЦФО,,
Краснодар,Гурзуф,19,krasnodar-gurzuf,ЮФО,,
Краснодар,Полтавская,19,krasnodar-poltavskaya,ЮФО,,
Владимир,Лакинск,18,vladimir-lakinsk,ЦФО,,
Воронеж,Пермь,18,voronezh-perm,ЦФО,,
Москва,Людиново,18,moskva-lyudinovo,ЦФО,,
Москва,Щёкино,18,moskva-shhyokino,ЦФО,,
Аэропорт,Архипо-Осиповка,18,krasnodar-arhipo-osipovka,ЮФО,,
Ростов-на-Дону,Симферополь,18,rostov-simferopol,ЮФО,,
Луганск,Симферополь,17,lugansk-simferopol,СВО,,
Белгород,Разумное,17,belgorod-razumnoe,ЦФО,,
Владимир,Домодедово,17,vladimir-domodedovo,ЦФО,,
Краснодар,Брюховецкая,17,krasnodar-bryuxoveczkaya,ЮФО,,
Краснодар,Выселки,17,krasnodar-vyselki,ЮФО,,
Владимир,Радужный,16,vladimir-raduzhnyj,ЦФО,,
Москва,Балашов,16,moskva-balashov,ЦФО,,
Москва,Карачев,16,moskva-karachev,ЦФО,,
Москва,Михайлов,16,moskva-mixajlov,ЦФО,,
Москва,Новозыбков,16,moskva-novozybkov,ЦФО,,
Москва,Сафоново,16,moskva-safonovo,ЦФО,,
Орёл,Ровное,16,oryol-rovnoe,ЦФО,,
Рязань,Самара,16,ryazan-samara,ЦФО,,
Краснодар,Абрау-Дюрсо,16,krasnodar-avbrau-dyurso,ЮФО,,
Екатеринбург,Камышлов,15,ekaterinburg-kamyshlov,УФО,,
Екатеринбург,Кыштым,15,ekaterinburg-kashtym,УФО,,
Брянск,Екатеринбург,15,bryansk-ekaterinburg,ЦФО,,
Брянск,Саратов,15,bryansk-saratov,ЦФО,,
Воронеж,Симферополь,15,voronezh-simferopol,ЦФО,,
Москва,Балабаново,15,moskva-balabanovo,ЦФО,,
Москва,Моршанск,15,moskva-morshansk,ЦФО,,
Москва,Суворов,15,moskva-suvorov,ЦФО,,
Брянск,Сельцо,14,bryansk-selczo,ЦФО,,
Калуга,Кондрово,14,kaluga-kondrovo,ЦФО,,
Калуга,Воротынск,14,kaluga-vorotynsk,ЦФО,,
Курск,Смоленск,14,kursk-smolensk,ЦФО,,
Москва,Касимов,14,moskva-kasimov,ЦФО,,
Москва,Мценск,14,moskva-mczensk,ЦФО,,
Москва,Воскресенское,14,moskva-voskresenskoe,ЦФО,,
Москва,Железногорск,14,moskva-zheleznogorsk,ЦФО,,
Тверь,Домодедово,14,tver-domodedovo,ЦФО,,
Тверь,Клин,14,tver-klin,ЦФО,,
Ярославль,Холм,14,yaroslavl-xolm,ЦФО,,
Волгоград,Городищи,14,volgograd-gorodishhi,ЮФО,,
Краснодар,Волгоград,14,krasnodar-volgograd,ЮФО,,
Белгород,Ракитное,13,belgorod-rakitnoe,ЦФО,,
Курск,Жуков,13,kursk-zhukov,ЦФО,,
Москва,Феодосия,13,moskva-feodosiya,ЦФО,,
Москва,Котельниково,13,moskva-kotelnikovo,ЦФО,,
Москва,Любим,13,moskva-lyubim,ЦФО,,
Москва,Покров,13,moskva-pokrov,ЦФО,,
Москва,Венёв,13,moskva-venyov,ЦФО,,
Орёл,Богучар,13,oryol-boguchar,ЦФО,,
Тула,Советск,13,tula-sovetsk,ЦФО,,
Волгоград,Жуков,13,volgograd-zhukov,ЮФО,,
Киров,Симферополь,12,kirov-simferopol,ПФО,,
Киров,Смоленск,12,kirov-smolensk,ПФО,,
Ханты-Мансийск,Белоярский,12,xanty-mansijsk-beloyarskij,УФО,,
Москва,Клинцы,12,moskva-klinczy,ЦФО,,
Москва,Судак,12,moskva-sudak,ЦФО,,
Москва,Узловая,12,moskva-uzlovaya,ЦФО,,
Москва,Ясный,12,moskva-yasnyj,ЦФО,,
Орёл,Знаменка,12,oryol-znamenka,ЦФО,,
Краснодар,Старощербиновская,12,krasnodar-staroshherbinovskaya,ЮФО,,
Киров,Орёл,11,kirov-oryol,ПФО,,
Киров,Пятигорск,11,kirov-pyatigorsk,ПФО,,
Иваново,Белебей,11,ivanovo-belebej,ЦФО,,
Калуга,Ростов-на-Дону,11,kaluga-rostov-na-donu,ЦФО,,
Курск,Любим,11,kursk-lyubim,ЦФО,,
Москва,Алушта,11,moskva-alushta,ЦФО,,
Москва,Богородицк,11,moskva-bogorodiczk,ЦФО,,
Москва,Долгое,11,moskva-dolgoe,ЦФО,,
Москва,Гулькевичи,11,moskva-gulkevichi,ЦФО,,
Москва,Ржев,11,moskva-rzhev,ЦФО,,
Рязань,Жуковский,11,ryazan-zhukovskij,ЦФО,,
Волгоград,Нижний Новгород,11,volgograd-nizhnij-novgorod,ЮФО,,
Казань,Богучар,10,kazan-boguchar,ПФО,,
Киров,Екатеринбург,10,kirov-ekaterinburg,ПФО,,
Нижний Новгород,Богучар,10,nizhnij-novgorod-boguchar,ПФО,,
Санкт-Петербург,Киров,10,sankt-peterburg-kirov,СЗФО,,
Екатеринбург,Кашин,10,ekaterinburg-kashin,УФО,,
Белгород,Кострома,10,belgorod-kostroma,ЦФО,,
Брянск,Фокино,10,bryansk-fokino,ЦФО,,
Владимир,Покров,10,vladimir-pokrov,ЦФО,,
Владимир,Уразово,10,vladimir-urazovo,ЦФО,,
Воронеж,Александров,10,voronezh-aleksandrov,ЦФО,,
Воронеж,Энгельс,10,voronezh-engelsk,ЦФО,,
Воронеж,Грязи,10,voronezh-gryazi,ЦФО,,
Воронеж,Льгов,10,voronezh-lgov,ЦФО,,
Иваново,Псков,10,ivanovo-pskov,ЦФО,,
Москва,Керчь,10,moskva-kerch,ЦФО,,
Москва,Кимовск,10,moskva-kimovsk,ЦФО,,
Москва,Старица,10,moskva-staricza,ЦФО,,
Москва,Юрьев-Польский,10,moskva-yurev-polskij,ЦФО,,
Тверь,Калязин,10,tver-kalyazin,ЦФО,,
Волгоград,Киров,10,volgograd-kirov,ЮФО,,
Краснодар,Новопокровская,10,krasnodar-novopokrovskaya,ЮФО,,
Краснодар,Тбилисская,10,krasnodar-tbilisskaya,ЮФО,,
Краснодар,Успенское,10,krasnodar-uspenskoe,ЮФО,,
